uuid, study, function, L_ij, E_ij, K_ij, F_ij compiling, F_ij passing tests
035a8eed-29c0-4606-814d-4cb786d0b9de,Deactive,list_deduplicate,22,1,0.0455,12,4
035a8eed-29c0-4606-814d-4cb786d0b9de,Deactive,list_item_to_string,6,1,0.1667,20,12
035a8eed-29c0-4606-814d-4cb786d0b9de,Deactive,list_load,29,9,0.3103,12,4
035a8eed-29c0-4606-814d-4cb786d0b9de,Deactive,list_remove_item_at_pos,24,2,0.0833,12,9
035a8eed-29c0-4606-814d-4cb786d0b9de,Deactive,list_swap_item_positions,45,1,0.0222,11,4
0640be89-ee5f-4846-8e14-40fdc574d7d3,Active,list_add_item_at_pos,44,2,0.0455,28,18
0640be89-ee5f-4846-8e14-40fdc574d7d3,Active,list_item_to_string,9,1,0.1111,28,23
0640be89-ee5f-4846-8e14-40fdc574d7d3,Active,list_load,27,6,0.2222,19,4
0640be89-ee5f-4846-8e14-40fdc574d7d3,Active,list_print,22,3,0.1364,29,14
0640be89-ee5f-4846-8e14-40fdc574d7d3,Active,list_remove_item_at_pos,40,4,0.1,22,16
0640be89-ee5f-4846-8e14-40fdc574d7d3,Active,list_swap_item_positions,38,2,0.0526,23,7
0640be89-ee5f-4846-8e14-40fdc574d7d3,Active,list_update_item_at_pos,25,2,0.08,26,19
0ed7147a-475a-438b-8eee-c19d9d380739,Active,list_add_item_at_pos,38,2,0.0526,28,18
0ed7147a-475a-438b-8eee-c19d9d380739,Active,list_item_to_string,6,1,0.1667,28,23
0ed7147a-475a-438b-8eee-c19d9d380739,Active,list_update_item_at_pos,28,3,0.1071,26,19
1f1c4c51-758b-4b08-88e3-e919cb5eaeaf,Active,list_add_item_at_pos,40,10,0.25,28,18
1f1c4c51-758b-4b08-88e3-e919cb5eaeaf,Active,list_item_to_string,10,1,0.1,28,23
1f53c71a-e1b9-4b65-a11e-c15f3c38a6cf,Deactive,list_item_to_string,17,1,0.0588,20,12
1f53c71a-e1b9-4b65-a11e-c15f3c38a6cf,Deactive,list_load,40,3,0.075,12,4
212591de-3007-4e4d-a0df-67d22d6c5f91,Active,list_item_to_string,9,1,0.1111,28,23
212591de-3007-4e4d-a0df-67d22d6c5f91,Active,list_remove_item_at_pos,19,1,0.0526,22,16
212591de-3007-4e4d-a0df-67d22d6c5f91,Active,list_swap_item_positions,33,5,0.1515,23,7
21cb2508-2c4a-468d-a771-002ba7e0f211,Active,list_print,10,1,0.1,29,14
26a41023-c10e-41cc-b9e1-8103dc46f264,Active,list_item_to_string,9,1,0.1111,28,23
26a41023-c10e-41cc-b9e1-8103dc46f264,Active,list_load,15,1,0.0667,19,4
26a41023-c10e-41cc-b9e1-8103dc46f264,Active,list_swap_item_positions,51,8,0.1569,23,7
275f0df3-1f22-43e1-b37c-147169908268,Deactive,list_find_highest_price_item_position,15,11,0.7333,13,7
275f0df3-1f22-43e1-b37c-147169908268,Deactive,list_item_to_string,4,1,0.25,20,12
275f0df3-1f22-43e1-b37c-147169908268,Deactive,list_print,12,1,0.0833,24,9
275f0df3-1f22-43e1-b37c-147169908268,Deactive,list_swap_item_positions,22,4,0.1818,11,4
3533dacf-349b-4581-bc32-6b9f015199c1,Active,list_add_item_at_pos,36,5,0.1389,28,18
3533dacf-349b-4581-bc32-6b9f015199c1,Active,list_deduplicate,33,6,0.1818,17,3
3533dacf-349b-4581-bc32-6b9f015199c1,Active,list_item_to_string,9,1,0.1111,28,23
3533dacf-349b-4581-bc32-6b9f015199c1,Active,list_load,67,4,0.0597,19,4
3533dacf-349b-4581-bc32-6b9f015199c1,Active,list_remove_item_at_pos,23,3,0.1304,22,16
36deba30-9345-480d-8221-387f5192f83d,Active,list_item_to_string,11,1,0.0909,28,23
36deba30-9345-480d-8221-387f5192f83d,Active,list_load,21,1,0.0476,19,4
36deba30-9345-480d-8221-387f5192f83d,Active,list_remove_item_at_pos,26,2,0.0769,22,16
36deba30-9345-480d-8221-387f5192f83d,Active,list_update_item_at_pos,22,1,0.0455,26,19
3cff10bf-23d9-48f4-9f45-96a223a8e2de,Active,list_item_to_string,9,1,0.1111,28,23
3cff10bf-23d9-48f4-9f45-96a223a8e2de,Active,list_update_item_at_pos,25,1,0.04,26,19
40a638f7-3fe3-43b0-b6cd-c47427778724,Deactive,list_add_item_at_pos,25,2,0.08,19,11
40a638f7-3fe3-43b0-b6cd-c47427778724,Deactive,list_print,15,1,0.0667,24,9
40a638f7-3fe3-43b0-b6cd-c47427778724,Deactive,list_remove_item_at_pos,18,4,0.2222,12,9
40a638f7-3fe3-43b0-b6cd-c47427778724,Deactive,list_update_item_at_pos,23,2,0.087,13,9
4992045a-4e79-4768-a0e8-8a8219c7b8d5,Deactive,list_add_item_at_pos,21,1,0.0476,19,11
4992045a-4e79-4768-a0e8-8a8219c7b8d5,Deactive,list_item_to_string,9,1,0.1111,20,12
514e6c1d-f935-474d-899e-96e27d5babd3,Active,list_print,13,1,0.0769,29,14
549eca81-c8f8-4237-9237-220ab72ac8cf,Deactive,list_add_item_at_pos,26,1,0.0385,19,11
549eca81-c8f8-4237-9237-220ab72ac8cf,Deactive,list_load,26,2,0.0769,12,4
549eca81-c8f8-4237-9237-220ab72ac8cf,Deactive,list_print,12,2,0.1667,24,9
549eca81-c8f8-4237-9237-220ab72ac8cf,Deactive,list_remove_item_at_pos,25,2,0.08,12,9
549eca81-c8f8-4237-9237-220ab72ac8cf,Deactive,list_save,14,2,0.1429,13,7
549eca81-c8f8-4237-9237-220ab72ac8cf,Deactive,list_swap_item_positions,53,5,0.0943,11,4
549eca81-c8f8-4237-9237-220ab72ac8cf,Deactive,list_update_item_at_pos,16,1,0.0625,13,9
599ce961-34d5-427d-83bd-8ca692a7e766,Deactive,list_add_item_at_pos,26,5,0.1923,19,11
599ce961-34d5-427d-83bd-8ca692a7e766,Deactive,list_item_to_string,17,1,0.0588,20,12
599ce961-34d5-427d-83bd-8ca692a7e766,Deactive,list_print,14,4,0.2857,24,9
5a790fe9-4950-4f24-903a-a7440f7f826f,Active,list_add_item_at_pos,35,7,0.2,28,18
5a790fe9-4950-4f24-903a-a7440f7f826f,Active,list_cost_sum,11,5,0.4545,18,13
5a790fe9-4950-4f24-903a-a7440f7f826f,Active,list_item_to_string,7,2,0.2857,28,23
5a790fe9-4950-4f24-903a-a7440f7f826f,Active,list_print,16,1,0.0625,29,14
5a790fe9-4950-4f24-903a-a7440f7f826f,Active,list_remove_item_at_pos,16,6,0.375,22,16
5a790fe9-4950-4f24-903a-a7440f7f826f,Active,list_swap_item_positions,34,14,0.4118,23,7
5a790fe9-4950-4f24-903a-a7440f7f826f,Active,list_update_item_at_pos,17,8,0.4706,26,19
7193a853-f8dd-423a-90be-39d0023d598e,Active,list_item_to_string,6,1,0.1667,28,23
7193a853-f8dd-423a-90be-39d0023d598e,Active,list_swap_item_positions,55,6,0.1091,23,7
74bd8618-cc17-42a6-8657-abebc4b6b500,Active,list_item_to_string,18,1,0.0556,28,23
74bd8618-cc17-42a6-8657-abebc4b6b500,Active,list_remove_item_at_pos,23,12,0.5217,22,16
74bd8618-cc17-42a6-8657-abebc4b6b500,Active,list_swap_item_positions,34,3,0.0882,23,7
752045ea-d911-4015-a0e5-66f513cb8751,Deactive,list_add_item_at_pos,13,6,0.4615,19,11
752045ea-d911-4015-a0e5-66f513cb8751,Deactive,list_print,12,6,0.5,24,9
752045ea-d911-4015-a0e5-66f513cb8751,Deactive,list_update_item_at_pos,15,2,0.1333,13,9
833d22d1-766e-4e96-af92-180a3c4a2d99,Deactive,list_add_item_at_pos,21,2,0.0952,19,11
833d22d1-766e-4e96-af92-180a3c4a2d99,Deactive,list_item_to_string,8,2,0.25,20,12
833d22d1-766e-4e96-af92-180a3c4a2d99,Deactive,list_load,27,5,0.1852,12,4
833d22d1-766e-4e96-af92-180a3c4a2d99,Deactive,list_print,19,3,0.1579,24,9
833d22d1-766e-4e96-af92-180a3c4a2d99,Deactive,list_save,17,2,0.1176,13,7
833d22d1-766e-4e96-af92-180a3c4a2d99,Deactive,list_update_item_at_pos,26,2,0.0769,13,9
85792f4f-e247-45ab-99e7-8e6367616f8b,Active,list_add_item_at_pos,33,1,0.0303,28,18
85792f4f-e247-45ab-99e7-8e6367616f8b,Active,list_item_to_string,8,1,0.125,28,23
85792f4f-e247-45ab-99e7-8e6367616f8b,Active,list_print,17,1,0.0588,29,14
85792f4f-e247-45ab-99e7-8e6367616f8b,Active,list_remove_item_at_pos,34,2,0.0588,22,16
85792f4f-e247-45ab-99e7-8e6367616f8b,Active,list_swap_item_positions,69,3,0.0435,23,7
85792f4f-e247-45ab-99e7-8e6367616f8b,Active,list_update_item_at_pos,22,1,0.0455,26,19
925cb076-503f-4a8e-b8d9-0aac9efe5955,Active,list_add_item_at_pos,43,1,0.0233,28,18
925cb076-503f-4a8e-b8d9-0aac9efe5955,Active,list_item_to_string,22,1,0.0455,28,23
925cb076-503f-4a8e-b8d9-0aac9efe5955,Active,list_remove_item_at_pos,14,3,0.2143,22,16
925cb076-503f-4a8e-b8d9-0aac9efe5955,Active,list_swap_item_positions,27,4,0.1481,23,7
925cb076-503f-4a8e-b8d9-0aac9efe5955,Active,list_update_item_at_pos,14,3,0.2143,26,19
949d88c5-3896-4e45-a42e-8bff4c950949,Deactive,list_add_item_at_pos,21,4,0.1905,19,11
949d88c5-3896-4e45-a42e-8bff4c950949,Deactive,list_item_to_string,13,1,0.0769,20,12
94cc70d0-7086-4a40-894a-433c90f7d9c4,Deactive,list_add_item_at_pos,29,3,0.1034,19,11
94cc70d0-7086-4a40-894a-433c90f7d9c4,Deactive,list_deduplicate,18,2,0.1111,12,4
94cc70d0-7086-4a40-894a-433c90f7d9c4,Deactive,list_find_highest_price_item_position,15,1,0.0667,13,7
94cc70d0-7086-4a40-894a-433c90f7d9c4,Deactive,list_item_to_string,8,1,0.125,20,12
94cc70d0-7086-4a40-894a-433c90f7d9c4,Deactive,list_load,31,3,0.0968,12,4
94cc70d0-7086-4a40-894a-433c90f7d9c4,Deactive,list_print,14,3,0.2143,24,9
94cc70d0-7086-4a40-894a-433c90f7d9c4,Deactive,list_remove_item_at_pos,23,3,0.1304,12,9
94cc70d0-7086-4a40-894a-433c90f7d9c4,Deactive,list_swap_item_positions,29,4,0.1379,11,4
94cc70d0-7086-4a40-894a-433c90f7d9c4,Deactive,list_update_item_at_pos,15,2,0.1333,13,9
9702f54c-200b-41f5-9fc4-971af3d86785,Deactive,list_find_highest_price_item_position,20,1,0.05,13,7
9702f54c-200b-41f5-9fc4-971af3d86785,Deactive,list_item_to_string,21,1,0.0476,20,12
9702f54c-200b-41f5-9fc4-971af3d86785,Deactive,list_load,52,2,0.0385,12,4
9702f54c-200b-41f5-9fc4-971af3d86785,Deactive,list_remove_item_at_pos,46,2,0.0435,12,9
9702f54c-200b-41f5-9fc4-971af3d86785,Deactive,list_swap_item_positions,46,1,0.0217,11,4
a2ab1ed3-1881-42af-b18d-1197d0ea95ae,Deactive,list_print,8,4,0.5,24,9
a391803d-b2e8-47cd-8319-305aae3983bc,Deactive,list_deduplicate,33,6,0.1818,12,4
a391803d-b2e8-47cd-8319-305aae3983bc,Deactive,list_item_to_string,10,1,0.1,20,12
a391803d-b2e8-47cd-8319-305aae3983bc,Deactive,list_load,37,2,0.0541,12,4
a3edd088-a9ab-4b80-ae98-01ffcfca615b,Active,list_add_item_at_pos,23,1,0.0435,28,18
a3edd088-a9ab-4b80-ae98-01ffcfca615b,Active,list_update_item_at_pos,17,2,0.1176,26,19
a4b3a969-44a1-4cea-87f5-86393eb85908,Active,list_add_item_at_pos,33,2,0.0606,28,18
a4b3a969-44a1-4cea-87f5-86393eb85908,Active,list_item_to_string,14,1,0.0714,28,23
a4b3a969-44a1-4cea-87f5-86393eb85908,Active,list_remove_item_at_pos,25,4,0.16,22,16
a4b3a969-44a1-4cea-87f5-86393eb85908,Active,list_swap_item_positions,29,3,0.1034,23,7
a4b3a969-44a1-4cea-87f5-86393eb85908,Active,list_update_item_at_pos,25,2,0.08,26,19
a5ba06a2-cd4d-4aed-92ac-eeee80fe3e73,Active,list_item_to_string,10,5,0.5,28,23
a5ba06a2-cd4d-4aed-92ac-eeee80fe3e73,Active,list_load,25,1,0.04,19,4
a5ba06a2-cd4d-4aed-92ac-eeee80fe3e73,Active,list_update_item_at_pos,27,6,0.2222,26,19
a80d5d0f-724e-4a28-8af1-02ca84993567,Active,list_item_to_string,8,1,0.125,28,23
a80d5d0f-724e-4a28-8af1-02ca84993567,Active,list_print,14,3,0.2143,29,14
a80d5d0f-724e-4a28-8af1-02ca84993567,Active,list_remove_item_at_pos,27,1,0.037,22,16
a80d5d0f-724e-4a28-8af1-02ca84993567,Active,list_swap_item_positions,30,2,0.0667,23,7
a80d5d0f-724e-4a28-8af1-02ca84993567,Active,list_update_item_at_pos,19,1,0.0526,26,19
a974cab3-f095-4360-969e-9942edfdedc1,Active,list_item_to_string,4,1,0.25,28,23
a974cab3-f095-4360-969e-9942edfdedc1,Active,list_load,18,3,0.1667,19,4
a974cab3-f095-4360-969e-9942edfdedc1,Active,list_print,12,1,0.0833,29,14
a974cab3-f095-4360-969e-9942edfdedc1,Active,list_remove_item_at_pos,21,4,0.1905,22,16
a974cab3-f095-4360-969e-9942edfdedc1,Active,list_swap_item_positions,14,3,0.2143,23,7
a974cab3-f095-4360-969e-9942edfdedc1,Active,list_update_item_at_pos,21,3,0.1429,26,19
b0ce9d89-f33e-4770-abfb-11e9830da4c4,Deactive,list_add_item_at_pos,23,6,0.2609,19,11
b0ce9d89-f33e-4770-abfb-11e9830da4c4,Deactive,list_item_to_string,14,2,0.1429,20,12
b0ce9d89-f33e-4770-abfb-11e9830da4c4,Deactive,list_print,11,7,0.6364,24,9
b59feaf2-4c48-4ec0-8d00-3428362914a7,Active,list_add_item_at_pos,25,1,0.04,28,18
bbea417b-a3f1-451b-a25d-d9dfb2c8aed2,Deactive,list_add_item_at_pos,22,2,0.0909,19,11
bbea417b-a3f1-451b-a25d-d9dfb2c8aed2,Deactive,list_init,6,1,0.1667,1,0
bbea417b-a3f1-451b-a25d-d9dfb2c8aed2,Deactive,list_item_to_string,8,1,0.125,20,12
be6fa0a5-e7ff-4ae0-b846-57d9385acd84,Active,list_item_to_string,9,1,0.1111,28,23
be6fa0a5-e7ff-4ae0-b846-57d9385acd84,Active,list_swap_item_positions,47,2,0.0426,23,7
c23b2615-700f-48f2-b33d-3433d1c25bb6,Active,list_item_to_string,9,1,0.1111,28,23
c23b2615-700f-48f2-b33d-3433d1c25bb6,Active,list_remove_item_at_pos,26,1,0.0385,22,16
c23b2615-700f-48f2-b33d-3433d1c25bb6,Active,list_swap_item_positions,43,1,0.0233,23,7
c8a48b56-ce2e-4d25-8dd8-a23b5e6549b5,Deactive,list_add_item_at_pos,27,2,0.0741,19,11
c8a48b56-ce2e-4d25-8dd8-a23b5e6549b5,Deactive,list_deduplicate,40,1,0.025,12,4
c8a48b56-ce2e-4d25-8dd8-a23b5e6549b5,Deactive,list_find_highest_price_item_position,23,1,0.0435,13,7
c8a48b56-ce2e-4d25-8dd8-a23b5e6549b5,Deactive,list_item_to_string,9,1,0.1111,20,12
c8a48b56-ce2e-4d25-8dd8-a23b5e6549b5,Deactive,list_remove_item_at_pos,22,5,0.2273,12,9
c8a48b56-ce2e-4d25-8dd8-a23b5e6549b5,Deactive,list_save,16,1,0.0625,13,7
c8a48b56-ce2e-4d25-8dd8-a23b5e6549b5,Deactive,list_swap_item_positions,26,2,0.0769,11,4
c8a48b56-ce2e-4d25-8dd8-a23b5e6549b5,Deactive,list_update_item_at_pos,12,2,0.1667,13,9
caa12fcb-10a7-4f65-997b-0e1b1ba2c96d,Deactive,list_cost_sum,11,4,0.3636,13,10
caa12fcb-10a7-4f65-997b-0e1b1ba2c96d,Deactive,list_find_highest_price_item_position,17,12,0.7059,13,7
dac37585-9926-4e20-8ac1-40addd42f1a8,Active,list_add_item_at_pos,33,1,0.0303,28,18
dac37585-9926-4e20-8ac1-40addd42f1a8,Active,list_item_to_string,8,1,0.125,28,23
dac37585-9926-4e20-8ac1-40addd42f1a8,Active,list_print,17,1,0.0588,29,14
dac37585-9926-4e20-8ac1-40addd42f1a8,Active,list_remove_item_at_pos,34,2,0.0588,22,16
dac37585-9926-4e20-8ac1-40addd42f1a8,Active,list_swap_item_positions,69,3,0.0435,23,7
dac37585-9926-4e20-8ac1-40addd42f1a8,Active,list_update_item_at_pos,22,1,0.0455,26,19
db22abcd-72aa-47b3-848b-6716f91c068c,Active,list_item_to_string,8,1,0.125,28,23
db22abcd-72aa-47b3-848b-6716f91c068c,Active,list_print,14,2,0.1429,29,14
db22abcd-72aa-47b3-848b-6716f91c068c,Active,list_remove_item_at_pos,27,1,0.037,22,16
db22abcd-72aa-47b3-848b-6716f91c068c,Active,list_swap_item_positions,30,2,0.0667,23,7
db22abcd-72aa-47b3-848b-6716f91c068c,Active,list_update_item_at_pos,19,1,0.0526,26,19
dc47e379-a3ba-464c-aa89-69374080111a,Active,list_add_item_at_pos,31,2,0.0645,28,18
dc47e379-a3ba-464c-aa89-69374080111a,Active,list_item_to_string,13,1,0.0769,28,23
dc47e379-a3ba-464c-aa89-69374080111a,Active,list_remove_item_at_pos,24,3,0.125,22,16
dc47e379-a3ba-464c-aa89-69374080111a,Active,list_update_item_at_pos,15,2,0.1333,26,19
ddac8637-a99c-458d-bff5-916acb92e259,Active,list_item_to_string,11,1,0.0909,28,23
ddac8637-a99c-458d-bff5-916acb92e259,Active,list_load,27,2,0.0741,19,4
ddac8637-a99c-458d-bff5-916acb92e259,Active,list_save,14,1,0.0714,19,7
ddac8637-a99c-458d-bff5-916acb92e259,Active,list_update_item_at_pos,18,2,0.1111,26,19
e04ce3f6-46eb-465e-9828-5e768febf9be,Active,list_add_item_at_pos,32,3,0.0938,28,18
e04ce3f6-46eb-465e-9828-5e768febf9be,Active,list_deduplicate,40,3,0.075,17,3
e04ce3f6-46eb-465e-9828-5e768febf9be,Active,list_item_to_string,8,1,0.125,28,23
e04ce3f6-46eb-465e-9828-5e768febf9be,Active,list_load,37,2,0.0541,19,4
e04ce3f6-46eb-465e-9828-5e768febf9be,Active,list_remove_item_at_pos,32,1,0.0312,22,16
e04ce3f6-46eb-465e-9828-5e768febf9be,Active,list_update_item_at_pos,23,3,0.1304,26,19
e5d2269a-cb40-4643-8134-13bc23ce41a7,Deactive,list_find_highest_price_item_position,18,1,0.0556,13,7
e5d2269a-cb40-4643-8134-13bc23ce41a7,Deactive,list_item_to_string,12,1,0.0833,20,12
e5d2269a-cb40-4643-8134-13bc23ce41a7,Deactive,list_load,41,2,0.0488,12,4
e5d2269a-cb40-4643-8134-13bc23ce41a7,Deactive,list_remove_item_at_pos,25,1,0.04,12,9
e5d2269a-cb40-4643-8134-13bc23ce41a7,Deactive,list_swap_item_positions,36,2,0.0556,11,4
e5d2269a-cb40-4643-8134-13bc23ce41a7,Deactive,list_update_item_at_pos,20,1,0.05,13,9
e71766a5-b1da-462f-8ea5-a7e12f82f58e,Deactive,list_print,17,2,0.1176,24,9
e71766a5-b1da-462f-8ea5-a7e12f82f58e,Deactive,list_remove_item_at_pos,12,2,0.1667,12,9
ec83a892-5cfa-46bf-aab8-673aee747cb8,Active,list_item_to_string,7,1,0.1429,28,23
ec83a892-5cfa-46bf-aab8-673aee747cb8,Active,list_load,28,3,0.1071,19,4
ec83a892-5cfa-46bf-aab8-673aee747cb8,Active,list_save,16,3,0.1875,19,7
f0e25db0-7a42-4c33-a22c-17b79e580330,Deactive,list_item_to_string,4,2,0.5,20,12
f928b19b-6a98-4ed9-9c09-bfdf78073fd2,Deactive,list_item_to_string,7,1,0.1429,20,12
f928b19b-6a98-4ed9-9c09-bfdf78073fd2,Deactive,list_print,15,1,0.0667,24,9
fbf1986f-db73-4988-af05-0d3cb48dd0c9,Deactive,list_add_item_at_pos,29,1,0.0345,19,11
fbf1986f-db73-4988-af05-0d3cb48dd0c9,Deactive,list_item_to_string,7,2,0.2857,20,12
fd621e01-4962-4699-b49a-012c08563cb5,Active,list_add_item_at_pos,25,1,0.04,28,18
fd621e01-4962-4699-b49a-012c08563cb5,Active,list_item_to_string,6,1,0.1667,28,23
ff36e2ef-af58-426f-97ae-dc8ba80ff4a0,Active,list_find_highest_price_item_position,10,2,0.2,21,12
ff36e2ef-af58-426f-97ae-dc8ba80ff4a0,Active,list_item_to_string,12,1,0.0833,28,23
ff36e2ef-af58-426f-97ae-dc8ba80ff4a0,Active,list_print,15,7,0.4667,29,14
ff36e2ef-af58-426f-97ae-dc8ba80ff4a0,Active,list_save,21,2,0.0952,19,7
ff36e2ef-af58-426f-97ae-dc8ba80ff4a0,Active,list_swap_item_positions,18,2,0.1111,23,7
