uuid, study, function, error_line, error_message, L_ij, E_ij, K_ij, F_ij compiling, F_ij passing tests
035a8eed-29c0-4606-814d-4cb786d0b9de,Deactive,list_deduplicate,deduplicate.c:40:20,heap-use-after-free on,22,1,0.0455,12,4
035a8eed-29c0-4606-814d-4cb786d0b9de,Deactive,list_item_to_string,item_to_string.c:30:9,stack-buffer-overflow on,6,1,0.1667,20,12
035a8eed-29c0-4606-814d-4cb786d0b9de,Deactive,list_load,load.c:49:9,heap-buffer-overflow on,29,9,0.3103,12,4
035a8eed-29c0-4606-814d-4cb786d0b9de,Deactive,list_load,load.c:50:17,SEGV on,29,9,0.3103,12,4
035a8eed-29c0-4606-814d-4cb786d0b9de,Deactive,list_load,load.c:46:12,SEGV on,29,9,0.3103,12,4
035a8eed-29c0-4606-814d-4cb786d0b9de,Deactive,list_load,load.c:46:12,attempting free,29,9,0.3103,12,4
035a8eed-29c0-4606-814d-4cb786d0b9de,Deactive,list_load,load.c:46:12,heap-buffer-overflow on,29,9,0.3103,12,4
035a8eed-29c0-4606-814d-4cb786d0b9de,Deactive,list_load,load.c:48:35,SEGV on,29,9,0.3103,12,4
035a8eed-29c0-4606-814d-4cb786d0b9de,Deactive,list_load,load.c:48:35,heap-buffer-overflow on,29,9,0.3103,12,4
035a8eed-29c0-4606-814d-4cb786d0b9de,Deactive,list_load,load.c:47:21,heap-buffer-overflow on,29,9,0.3103,12,4
035a8eed-29c0-4606-814d-4cb786d0b9de,Deactive,list_load,load.c:51:20,SEGV on,29,9,0.3103,12,4
035a8eed-29c0-4606-814d-4cb786d0b9de,Deactive,list_remove_item_at_pos,remove_item_at_pos.c:31:20,SEGV on,24,2,0.0833,12,9
035a8eed-29c0-4606-814d-4cb786d0b9de,Deactive,list_remove_item_at_pos,remove_item_at_pos.c:39:34,SEGV on,24,2,0.0833,12,9
035a8eed-29c0-4606-814d-4cb786d0b9de,Deactive,list_swap_item_positions,swap_item_positions.c:64:25,SEGV on,45,1,0.0222,11,4
0640be89-ee5f-4846-8e14-40fdc574d7d3,Active,list_add_item_at_pos,add_item_at_pos.c:63:30,SEGV on,44,2,0.0455,28,18
0640be89-ee5f-4846-8e14-40fdc574d7d3,Active,list_add_item_at_pos,add_item_at_pos.c:73:34,SEGV on,44,2,0.0455,28,18
0640be89-ee5f-4846-8e14-40fdc574d7d3,Active,list_item_to_string,item_to_string.c:34:5,stack-buffer-overflow on,9,1,0.1111,28,23
0640be89-ee5f-4846-8e14-40fdc574d7d3,Active,list_load,load.c:46:11,SEGV on,27,6,0.2222,19,4
0640be89-ee5f-4846-8e14-40fdc574d7d3,Active,list_load,load.c:46:11,heap-buffer-overflow on,27,6,0.2222,19,4
0640be89-ee5f-4846-8e14-40fdc574d7d3,Active,list_load,load.c:46:11,stack-use-after-scope on,27,6,0.2222,19,4
0640be89-ee5f-4846-8e14-40fdc574d7d3,Active,list_load,load.c:47:16,heap-buffer-overflow on,27,6,0.2222,19,4
0640be89-ee5f-4846-8e14-40fdc574d7d3,Active,list_load,load.c:47:16,stack-use-after-scope on,27,6,0.2222,19,4
0640be89-ee5f-4846-8e14-40fdc574d7d3,Active,list_load,load.c:50:46,SEGV on,27,6,0.2222,19,4
0640be89-ee5f-4846-8e14-40fdc574d7d3,Active,list_print,print.c:52:9,SEGV on,22,3,0.1364,29,14
0640be89-ee5f-4846-8e14-40fdc574d7d3,Active,list_print,print.c:52:9,heap-buffer-overflow on,22,3,0.1364,29,14
0640be89-ee5f-4846-8e14-40fdc574d7d3,Active,list_print,print.c:53:9,heap-buffer-overflow on,22,3,0.1364,29,14
0640be89-ee5f-4846-8e14-40fdc574d7d3,Active,list_remove_item_at_pos,remove_item_at_pos.c:51:30,SEGV on,40,4,0.1,22,16
0640be89-ee5f-4846-8e14-40fdc574d7d3,Active,list_remove_item_at_pos,remove_item_at_pos.c:38:30,SEGV on,40,4,0.1,22,16
0640be89-ee5f-4846-8e14-40fdc574d7d3,Active,list_remove_item_at_pos,remove_item_at_pos.c:59:20,SEGV on,40,4,0.1,22,16
0640be89-ee5f-4846-8e14-40fdc574d7d3,Active,list_remove_item_at_pos,remove_item_at_pos.c:59:35,SEGV on,40,4,0.1,22,16
0640be89-ee5f-4846-8e14-40fdc574d7d3,Active,list_swap_item_positions,swap_item_positions.c:37:24,SEGV on,38,2,0.0526,23,7
0640be89-ee5f-4846-8e14-40fdc574d7d3,Active,list_swap_item_positions,swap_item_positions.c:45:25,SEGV on,38,2,0.0526,23,7
0640be89-ee5f-4846-8e14-40fdc574d7d3,Active,list_update_item_at_pos,update_item_at_pos.c:38:26,SEGV on,25,2,0.08,26,19
0640be89-ee5f-4846-8e14-40fdc574d7d3,Active,list_update_item_at_pos,update_item_at_pos.c:44:24,SEGV on,25,2,0.08,26,19
0640be89-ee5f-4846-8e14-40fdc574d7d3,Active,list_add_item_at_pos,add_item_at_pos.c:63:30,SEGV on,44,2,0.0455,28,18
0640be89-ee5f-4846-8e14-40fdc574d7d3,Active,list_add_item_at_pos,add_item_at_pos.c:73:34,SEGV on,44,2,0.0455,28,18
0ed7147a-475a-438b-8eee-c19d9d380739,Active,list_add_item_at_pos,add_item_at_pos.c:45:9,unknown-crash on,38,2,0.0526,28,18
0ed7147a-475a-438b-8eee-c19d9d380739,Active,list_add_item_at_pos,add_item_at_pos.c:45:9,SEGV on,38,2,0.0526,28,18
0ed7147a-475a-438b-8eee-c19d9d380739,Active,list_item_to_string,item_to_string.c:31:5,stack-buffer-overflow on,6,1,0.1667,28,23
0ed7147a-475a-438b-8eee-c19d9d380739,Active,list_update_item_at_pos,update_item_at_pos.c:30:9,heap-buffer-overflow on,28,3,0.1071,26,19
0ed7147a-475a-438b-8eee-c19d9d380739,Active,list_update_item_at_pos,update_item_at_pos.c:30:9,SEGV on,28,3,0.1071,26,19
0ed7147a-475a-438b-8eee-c19d9d380739,Active,list_update_item_at_pos,update_item_at_pos.c:29:27,SEGV on,28,3,0.1071,26,19
0ed7147a-475a-438b-8eee-c19d9d380739,Active,list_add_item_at_pos,add_item_at_pos.c:45:9,unknown-crash on,38,2,0.0526,28,18
0ed7147a-475a-438b-8eee-c19d9d380739,Active,list_add_item_at_pos,add_item_at_pos.c:45:9,SEGV on,38,2,0.0526,28,18
1f1c4c51-758b-4b08-88e3-e919cb5eaeaf,Active,list_add_item_at_pos,add_item_at_pos.c:58:18,SEGV on,40,10,0.25,28,18
1f1c4c51-758b-4b08-88e3-e919cb5eaeaf,Active,list_add_item_at_pos,add_item_at_pos.c:58:18,stack-buffer-overflow on,40,10,0.25,28,18
1f1c4c51-758b-4b08-88e3-e919cb5eaeaf,Active,list_add_item_at_pos,add_item_at_pos.c:47:25,stack-buffer-overflow on,40,10,0.25,28,18
1f1c4c51-758b-4b08-88e3-e919cb5eaeaf,Active,list_add_item_at_pos,add_item_at_pos.c:48:28,stack-buffer-overflow on,40,10,0.25,28,18
1f1c4c51-758b-4b08-88e3-e919cb5eaeaf,Active,list_add_item_at_pos,add_item_at_pos.c:49:24,stack-buffer-overflow on,40,10,0.25,28,18
1f1c4c51-758b-4b08-88e3-e919cb5eaeaf,Active,list_add_item_at_pos,add_item_at_pos.c:67:21,stack-buffer-overflow on,40,10,0.25,28,18
1f1c4c51-758b-4b08-88e3-e919cb5eaeaf,Active,list_add_item_at_pos,add_item_at_pos.c:68:24,stack-buffer-overflow on,40,10,0.25,28,18
1f1c4c51-758b-4b08-88e3-e919cb5eaeaf,Active,list_add_item_at_pos,add_item_at_pos.c:70:20,stack-buffer-overflow on,40,10,0.25,28,18
1f1c4c51-758b-4b08-88e3-e919cb5eaeaf,Active,list_add_item_at_pos,add_item_at_pos.c:71:20,stack-buffer-overflow on,40,10,0.25,28,18
1f1c4c51-758b-4b08-88e3-e919cb5eaeaf,Active,list_add_item_at_pos,add_item_at_pos.c:36,SEGV on,40,10,0.25,28,18
1f1c4c51-758b-4b08-88e3-e919cb5eaeaf,Active,list_item_to_string,item_to_string.c:33:9,stack-buffer-overflow on,10,1,0.1,28,23
1f1c4c51-758b-4b08-88e3-e919cb5eaeaf,Active,list_add_item_at_pos,add_item_at_pos.c:58:18,SEGV on,40,10,0.25,28,18
1f1c4c51-758b-4b08-88e3-e919cb5eaeaf,Active,list_add_item_at_pos,add_item_at_pos.c:58:18,stack-buffer-overflow on,40,10,0.25,28,18
1f1c4c51-758b-4b08-88e3-e919cb5eaeaf,Active,list_add_item_at_pos,add_item_at_pos.c:47:25,stack-buffer-overflow on,40,10,0.25,28,18
1f1c4c51-758b-4b08-88e3-e919cb5eaeaf,Active,list_add_item_at_pos,add_item_at_pos.c:48:28,stack-buffer-overflow on,40,10,0.25,28,18
1f1c4c51-758b-4b08-88e3-e919cb5eaeaf,Active,list_add_item_at_pos,add_item_at_pos.c:49:24,stack-buffer-overflow on,40,10,0.25,28,18
1f1c4c51-758b-4b08-88e3-e919cb5eaeaf,Active,list_add_item_at_pos,add_item_at_pos.c:67:21,stack-buffer-overflow on,40,10,0.25,28,18
1f1c4c51-758b-4b08-88e3-e919cb5eaeaf,Active,list_add_item_at_pos,add_item_at_pos.c:68:24,stack-buffer-overflow on,40,10,0.25,28,18
1f1c4c51-758b-4b08-88e3-e919cb5eaeaf,Active,list_add_item_at_pos,add_item_at_pos.c:70:20,stack-buffer-overflow on,40,10,0.25,28,18
1f1c4c51-758b-4b08-88e3-e919cb5eaeaf,Active,list_add_item_at_pos,add_item_at_pos.c:71:20,stack-buffer-overflow on,40,10,0.25,28,18
1f1c4c51-758b-4b08-88e3-e919cb5eaeaf,Active,list_add_item_at_pos,add_item_at_pos.c:36,SEGV on,40,10,0.25,28,18
1f53c71a-e1b9-4b65-a11e-c15f3c38a6cf,Deactive,list_item_to_string,item_to_string.c:38:15,stack-buffer-overflow on,17,1,0.0588,20,12
1f53c71a-e1b9-4b65-a11e-c15f3c38a6cf,Deactive,list_load,load.c:54:11,stack-buffer-overflow on,40,3,0.075,12,4
1f53c71a-e1b9-4b65-a11e-c15f3c38a6cf,Deactive,list_load,load.c:56:22,stack-buffer-overflow on,40,3,0.075,12,4
1f53c71a-e1b9-4b65-a11e-c15f3c38a6cf,Deactive,list_load,load.c:56:22,libFuzzer: timeout,40,3,0.075,12,4
212591de-3007-4e4d-a0df-67d22d6c5f91,Active,list_item_to_string,item_to_string.c:33:5,stack-buffer-overflow on,9,1,0.1111,28,23
212591de-3007-4e4d-a0df-67d22d6c5f91,Active,list_remove_item_at_pos,remove_item_at_pos.c:45:34,SEGV on,19,1,0.0526,22,16
212591de-3007-4e4d-a0df-67d22d6c5f91,Active,list_swap_item_positions,swap_item_positions.c:57:23,SEGV on,33,5,0.1515,23,7
212591de-3007-4e4d-a0df-67d22d6c5f91,Active,list_swap_item_positions,swap_item_positions.c:43:26,SEGV on,33,5,0.1515,23,7
212591de-3007-4e4d-a0df-67d22d6c5f91,Active,list_swap_item_positions,swap_item_positions.c:51:26,SEGV on,33,5,0.1515,23,7
212591de-3007-4e4d-a0df-67d22d6c5f91,Active,list_swap_item_positions,swap_item_positions.c:46:38,SEGV on,33,5,0.1515,23,7
212591de-3007-4e4d-a0df-67d22d6c5f91,Active,list_swap_item_positions,swap_item_positions.c:58:30,SEGV on,33,5,0.1515,23,7
21cb2508-2c4a-468d-a771-002ba7e0f211,Active,list_print,print.c:43:5,libFuzzer: timeout,10,1,0.1,29,14
26a41023-c10e-41cc-b9e1-8103dc46f264,Active,list_item_to_string,item_to_string.c:35:5,stack-buffer-overflow on,9,1,0.1111,28,23
26a41023-c10e-41cc-b9e1-8103dc46f264,Active,list_load,load.c:57:12,SEGV on,15,1,0.0667,19,4
26a41023-c10e-41cc-b9e1-8103dc46f264,Active,list_swap_item_positions,swap_item_positions.c:61:23,SEGV on,51,8,0.1569,23,7
26a41023-c10e-41cc-b9e1-8103dc46f264,Active,list_swap_item_positions,swap_item_positions.c:61:23,heap-use-after-free on,51,8,0.1569,23,7
26a41023-c10e-41cc-b9e1-8103dc46f264,Active,list_swap_item_positions,swap_item_positions.c:26,libFuzzer: timeout,51,8,0.1569,23,7
26a41023-c10e-41cc-b9e1-8103dc46f264,Active,list_swap_item_positions,swap_item_positions.c:54:22,heap-use-after-free on,51,8,0.1569,23,7
26a41023-c10e-41cc-b9e1-8103dc46f264,Active,list_swap_item_positions,swap_item_positions.c:56:24,heap-use-after-free on,51,8,0.1569,23,7
26a41023-c10e-41cc-b9e1-8103dc46f264,Active,list_swap_item_positions,swap_item_positions.c:60:23,heap-use-after-free on,51,8,0.1569,23,7
26a41023-c10e-41cc-b9e1-8103dc46f264,Active,list_swap_item_positions,swap_item_positions.c:61:15,heap-use-after-free on,51,8,0.1569,23,7
26a41023-c10e-41cc-b9e1-8103dc46f264,Active,list_swap_item_positions,swap_item_positions.c:62:16,heap-use-after-free on,51,8,0.1569,23,7
275f0df3-1f22-43e1-b37c-147169908268,Deactive,list_find_highest_price_item_position,find_highest_price_item_position.c,libFuzzer: timeout,15,11,0.7333,13,7
275f0df3-1f22-43e1-b37c-147169908268,Deactive,list_find_highest_price_item_position,find_highest_price_item_position.c:32:13,libFuzzer: timeout,15,11,0.7333,13,7
275f0df3-1f22-43e1-b37c-147169908268,Deactive,list_find_highest_price_item_position,find_highest_price_item_position.c:32:25,libFuzzer: timeout,15,11,0.7333,13,7
275f0df3-1f22-43e1-b37c-147169908268,Deactive,list_find_highest_price_item_position,find_highest_price_item_position.c:34:29,libFuzzer: timeout,15,11,0.7333,13,7
275f0df3-1f22-43e1-b37c-147169908268,Deactive,list_find_highest_price_item_position,find_highest_price_item_position.c:32:19,libFuzzer: timeout,15,11,0.7333,13,7
275f0df3-1f22-43e1-b37c-147169908268,Deactive,list_find_highest_price_item_position,find_highest_price_item_position.c:31:14,libFuzzer: timeout,15,11,0.7333,13,7
275f0df3-1f22-43e1-b37c-147169908268,Deactive,list_find_highest_price_item_position,find_highest_price_item_position.c:32:27,libFuzzer: timeout,15,11,0.7333,13,7
275f0df3-1f22-43e1-b37c-147169908268,Deactive,list_find_highest_price_item_position,find_highest_price_item_position.c:33:25,libFuzzer: timeout,15,11,0.7333,13,7
275f0df3-1f22-43e1-b37c-147169908268,Deactive,list_find_highest_price_item_position,find_highest_price_item_position.c:33:23,libFuzzer: timeout,15,11,0.7333,13,7
275f0df3-1f22-43e1-b37c-147169908268,Deactive,list_find_highest_price_item_position,find_highest_price_item_position.c:34:27,libFuzzer: timeout,15,11,0.7333,13,7
275f0df3-1f22-43e1-b37c-147169908268,Deactive,list_find_highest_price_item_position,find_highest_price_item_position.c:33:31,libFuzzer: timeout,15,11,0.7333,13,7
275f0df3-1f22-43e1-b37c-147169908268,Deactive,list_item_to_string,item_to_string.c:29:11,SEGV on,4,1,0.25,20,12
275f0df3-1f22-43e1-b37c-147169908268,Deactive,list_print,print.c:42:5,SEGV on,12,1,0.0833,24,9
275f0df3-1f22-43e1-b37c-147169908268,Deactive,list_swap_item_positions,swap_item_positions.c:32:24,stack-buffer-overflow on,22,4,0.1818,11,4
275f0df3-1f22-43e1-b37c-147169908268,Deactive,list_swap_item_positions,swap_item_positions.c:32:24,SEGV on,22,4,0.1818,11,4
275f0df3-1f22-43e1-b37c-147169908268,Deactive,list_swap_item_positions,swap_item_positions.c:37:20,stack-buffer-overflow on,22,4,0.1818,11,4
275f0df3-1f22-43e1-b37c-147169908268,Deactive,list_swap_item_positions,swap_item_positions.c:37:20,SEGV on,22,4,0.1818,11,4
3533dacf-349b-4581-bc32-6b9f015199c1,Active,list_add_item_at_pos,add_item_at_pos.c:41:9,heap-buffer-overflow on,36,5,0.1389,28,18
3533dacf-349b-4581-bc32-6b9f015199c1,Active,list_add_item_at_pos,add_item_at_pos.c:41:9,SEGV on,36,5,0.1389,28,18
3533dacf-349b-4581-bc32-6b9f015199c1,Active,list_add_item_at_pos,add_item_at_pos.c:40:31,heap-buffer-overflow on,36,5,0.1389,28,18
3533dacf-349b-4581-bc32-6b9f015199c1,Active,list_add_item_at_pos,add_item_at_pos.c:62:27,heap-buffer-overflow on,36,5,0.1389,28,18
3533dacf-349b-4581-bc32-6b9f015199c1,Active,list_add_item_at_pos,add_item_at_pos.c:63:5,SEGV on,36,5,0.1389,28,18
3533dacf-349b-4581-bc32-6b9f015199c1,Active,list_deduplicate,deduplicate.c:43:17,heap-use-after-free on,33,6,0.1818,17,3
3533dacf-349b-4581-bc32-6b9f015199c1,Active,list_deduplicate,deduplicate.c:43:17,libFuzzer: timeout,33,6,0.1818,17,3
3533dacf-349b-4581-bc32-6b9f015199c1,Active,list_deduplicate,deduplicate.c:39:21,libFuzzer: timeout,33,6,0.1818,17,3
3533dacf-349b-4581-bc32-6b9f015199c1,Active,list_deduplicate,deduplicate.c:44:17,libFuzzer: timeout,33,6,0.1818,17,3
3533dacf-349b-4581-bc32-6b9f015199c1,Active,list_deduplicate,deduplicate.c:39:33,libFuzzer: timeout,33,6,0.1818,17,3
3533dacf-349b-4581-bc32-6b9f015199c1,Active,list_deduplicate,deduplicate.c:39:18,libFuzzer: timeout,33,6,0.1818,17,3
3533dacf-349b-4581-bc32-6b9f015199c1,Active,list_item_to_string,item_to_string.c:31:9,stack-buffer-overflow on,9,1,0.1111,28,23
3533dacf-349b-4581-bc32-6b9f015199c1,Active,list_load,load.c:28:22,heap-buffer-overflow on,67,4,0.0597,19,4
3533dacf-349b-4581-bc32-6b9f015199c1,Active,list_load,load.c:28:22,SEGV on,67,4,0.0597,19,4
3533dacf-349b-4581-bc32-6b9f015199c1,Active,list_load,load.c:91:17,heap-buffer-overflow on,67,4,0.0597,19,4
3533dacf-349b-4581-bc32-6b9f015199c1,Active,list_load,load.c:90:28,heap-buffer-overflow on,67,4,0.0597,19,4
3533dacf-349b-4581-bc32-6b9f015199c1,Active,list_remove_item_at_pos,remove_item_at_pos.c:35:22,SEGV on,23,3,0.1304,22,16
3533dacf-349b-4581-bc32-6b9f015199c1,Active,list_remove_item_at_pos,remove_item_at_pos.c:40:19,SEGV on,23,3,0.1304,22,16
3533dacf-349b-4581-bc32-6b9f015199c1,Active,list_remove_item_at_pos,remove_item_at_pos.c:30:26,SEGV on,23,3,0.1304,22,16
3533dacf-349b-4581-bc32-6b9f015199c1,Active,list_add_item_at_pos,add_item_at_pos.c:41:9,heap-buffer-overflow on,36,5,0.1389,28,18
3533dacf-349b-4581-bc32-6b9f015199c1,Active,list_add_item_at_pos,add_item_at_pos.c:41:9,SEGV on,36,5,0.1389,28,18
3533dacf-349b-4581-bc32-6b9f015199c1,Active,list_add_item_at_pos,add_item_at_pos.c:40:31,heap-buffer-overflow on,36,5,0.1389,28,18
3533dacf-349b-4581-bc32-6b9f015199c1,Active,list_add_item_at_pos,add_item_at_pos.c:62:27,heap-buffer-overflow on,36,5,0.1389,28,18
3533dacf-349b-4581-bc32-6b9f015199c1,Active,list_add_item_at_pos,add_item_at_pos.c:63:5,SEGV on,36,5,0.1389,28,18
36deba30-9345-480d-8221-387f5192f83d,Active,list_item_to_string,item_to_string.c:36:5,stack-buffer-overflow on,11,1,0.0909,28,23
36deba30-9345-480d-8221-387f5192f83d,Active,list_load,load.c:41:32,libFuzzer: out-of-memory,21,1,0.0476,19,4
36deba30-9345-480d-8221-387f5192f83d,Active,list_remove_item_at_pos,remove_item_at_pos.c:31:23,SEGV on,26,2,0.0769,22,16
36deba30-9345-480d-8221-387f5192f83d,Active,list_remove_item_at_pos,remove_item_at_pos.c:45:28,SEGV on,26,2,0.0769,22,16
36deba30-9345-480d-8221-387f5192f83d,Active,list_update_item_at_pos,update_item_at_pos.c:30:25,SEGV on,22,1,0.0455,26,19
3cff10bf-23d9-48f4-9f45-96a223a8e2de,Active,list_item_to_string,item_to_string.c:34:5,stack-buffer-overflow on,9,1,0.1111,28,23
3cff10bf-23d9-48f4-9f45-96a223a8e2de,Active,list_update_item_at_pos,update_item_at_pos.c:33:25,SEGV on,25,1,0.04,26,19
40a638f7-3fe3-43b0-b6cd-c47427778724,Deactive,list_add_item_at_pos,add_item_at_pos.c:49:26,SEGV on,25,2,0.08,19,11
40a638f7-3fe3-43b0-b6cd-c47427778724,Deactive,list_add_item_at_pos,add_item_at_pos.c:54:30,SEGV on,25,2,0.08,19,11
40a638f7-3fe3-43b0-b6cd-c47427778724,Deactive,list_print,print.c:47:9,SEGV on,15,1,0.0667,24,9
40a638f7-3fe3-43b0-b6cd-c47427778724,Deactive,list_remove_item_at_pos,remove_item_at_pos.c:38:26,SEGV on,18,4,0.2222,12,9
40a638f7-3fe3-43b0-b6cd-c47427778724,Deactive,list_remove_item_at_pos,remove_item_at_pos.c:36:26,SEGV on,18,4,0.2222,12,9
40a638f7-3fe3-43b0-b6cd-c47427778724,Deactive,list_remove_item_at_pos,remove_item_at_pos.c:39:32,SEGV on,18,4,0.2222,12,9
40a638f7-3fe3-43b0-b6cd-c47427778724,Deactive,list_remove_item_at_pos,remove_item_at_pos.c:33:23,SEGV on,18,4,0.2222,12,9
40a638f7-3fe3-43b0-b6cd-c47427778724,Deactive,list_update_item_at_pos,update_item_at_pos.c:43:24,SEGV on,23,2,0.087,13,9
40a638f7-3fe3-43b0-b6cd-c47427778724,Deactive,list_update_item_at_pos,update_item_at_pos.c:32:24,SEGV on,23,2,0.087,13,9
40a638f7-3fe3-43b0-b6cd-c47427778724,Deactive,list_add_item_at_pos,add_item_at_pos.c:49:26,SEGV on,25,2,0.08,19,11
40a638f7-3fe3-43b0-b6cd-c47427778724,Deactive,list_add_item_at_pos,add_item_at_pos.c:54:30,SEGV on,25,2,0.08,19,11
4992045a-4e79-4768-a0e8-8a8219c7b8d5,Deactive,list_add_item_at_pos,add_item_at_pos.c:47,SEGV on,21,1,0.0476,19,11
4992045a-4e79-4768-a0e8-8a8219c7b8d5,Deactive,list_item_to_string,item_to_string.c:45:5,stack-buffer-overflow on,9,1,0.1111,20,12
4992045a-4e79-4768-a0e8-8a8219c7b8d5,Deactive,list_add_item_at_pos,add_item_at_pos.c:47,SEGV on,21,1,0.0476,19,11
514e6c1d-f935-474d-899e-96e27d5babd3,Active,list_print,print.c:42:21,SEGV on,13,1,0.0769,29,14
549eca81-c8f8-4237-9237-220ab72ac8cf,Deactive,list_add_item_at_pos,add_item_at_pos.c:55:29,SEGV on,26,1,0.0385,19,11
549eca81-c8f8-4237-9237-220ab72ac8cf,Deactive,list_load,load.c:46:24,SEGV on,26,2,0.0769,12,4
549eca81-c8f8-4237-9237-220ab72ac8cf,Deactive,list_load,load.c:44:23,SEGV on,26,2,0.0769,12,4
549eca81-c8f8-4237-9237-220ab72ac8cf,Deactive,list_print,print.c:44:9,libFuzzer: timeout,12,2,0.1667,24,9
549eca81-c8f8-4237-9237-220ab72ac8cf,Deactive,list_print,print.c:45:9,libFuzzer: timeout,12,2,0.1667,24,9
549eca81-c8f8-4237-9237-220ab72ac8cf,Deactive,list_remove_item_at_pos,remove_item_at_pos.c:32:23,SEGV on,25,2,0.08,12,9
549eca81-c8f8-4237-9237-220ab72ac8cf,Deactive,list_remove_item_at_pos,remove_item_at_pos.c:42:23,SEGV on,25,2,0.08,12,9
549eca81-c8f8-4237-9237-220ab72ac8cf,Deactive,list_save,save.c:39:5,SEGV on,14,2,0.1429,13,7
549eca81-c8f8-4237-9237-220ab72ac8cf,Deactive,list_save,save.c:37:9,SEGV on,14,2,0.1429,13,7
549eca81-c8f8-4237-9237-220ab72ac8cf,Deactive,list_swap_item_positions,swap_item_positions.c:70:24,SEGV on,53,5,0.0943,11,4
549eca81-c8f8-4237-9237-220ab72ac8cf,Deactive,list_swap_item_positions,swap_item_positions.c:72:23,SEGV on,53,5,0.0943,11,4
549eca81-c8f8-4237-9237-220ab72ac8cf,Deactive,list_swap_item_positions,swap_item_positions.c:25,libFuzzer: timeout,53,5,0.0943,11,4
549eca81-c8f8-4237-9237-220ab72ac8cf,Deactive,list_swap_item_positions,swap_item_positions.c:25,SEGV on,53,5,0.0943,11,4
549eca81-c8f8-4237-9237-220ab72ac8cf,Deactive,list_swap_item_positions,swap_item_positions.c:43:18,SEGV on,53,5,0.0943,11,4
549eca81-c8f8-4237-9237-220ab72ac8cf,Deactive,list_update_item_at_pos,update_item_at_pos.c:36:21,SEGV on,16,1,0.0625,13,9
549eca81-c8f8-4237-9237-220ab72ac8cf,Deactive,list_add_item_at_pos,add_item_at_pos.c:55:29,SEGV on,26,1,0.0385,19,11
599ce961-34d5-427d-83bd-8ca692a7e766,Deactive,list_add_item_at_pos,add_item_at_pos.c:41:21,stack-use-after-scope on,26,5,0.1923,19,11
599ce961-34d5-427d-83bd-8ca692a7e766,Deactive,list_add_item_at_pos,add_item_at_pos.c:41:21,SEGV on,26,5,0.1923,19,11
599ce961-34d5-427d-83bd-8ca692a7e766,Deactive,list_add_item_at_pos,add_item_at_pos.c:42:17,stack-use-after-scope on,26,5,0.1923,19,11
599ce961-34d5-427d-83bd-8ca692a7e766,Deactive,list_add_item_at_pos,add_item_at_pos.c:43:20,stack-use-after-scope on,26,5,0.1923,19,11
599ce961-34d5-427d-83bd-8ca692a7e766,Deactive,list_add_item_at_pos,add_item_at_pos.c:36,SEGV on,26,5,0.1923,19,11
599ce961-34d5-427d-83bd-8ca692a7e766,Deactive,list_item_to_string,item_to_string.c:34:5,SEGV on,17,1,0.0588,20,12
599ce961-34d5-427d-83bd-8ca692a7e766,Deactive,list_print,print.c:44:9,SEGV on,14,4,0.2857,24,9
599ce961-34d5-427d-83bd-8ca692a7e766,Deactive,list_print,print.c:44:9,BUS on,14,4,0.2857,24,9
599ce961-34d5-427d-83bd-8ca692a7e766,Deactive,list_print,print.c:44:9,libFuzzer: timeout,14,4,0.2857,24,9
599ce961-34d5-427d-83bd-8ca692a7e766,Deactive,list_print,print.c:45:9,libFuzzer: timeout,14,4,0.2857,24,9
599ce961-34d5-427d-83bd-8ca692a7e766,Deactive,list_add_item_at_pos,add_item_at_pos.c:41:21,stack-use-after-scope on,26,5,0.1923,19,11
599ce961-34d5-427d-83bd-8ca692a7e766,Deactive,list_add_item_at_pos,add_item_at_pos.c:41:21,SEGV on,26,5,0.1923,19,11
599ce961-34d5-427d-83bd-8ca692a7e766,Deactive,list_add_item_at_pos,add_item_at_pos.c:42:17,stack-use-after-scope on,26,5,0.1923,19,11
599ce961-34d5-427d-83bd-8ca692a7e766,Deactive,list_add_item_at_pos,add_item_at_pos.c:43:20,stack-use-after-scope on,26,5,0.1923,19,11
599ce961-34d5-427d-83bd-8ca692a7e766,Deactive,list_add_item_at_pos,add_item_at_pos.c:36,SEGV on,26,5,0.1923,19,11
5a790fe9-4950-4f24-903a-a7440f7f826f,Active,list_add_item_at_pos,add_item_at_pos.c:62:25,stack-buffer-overflow on,35,7,0.2,28,18
5a790fe9-4950-4f24-903a-a7440f7f826f,Active,list_add_item_at_pos,add_item_at_pos.c:56:32,stack-buffer-overflow on,35,7,0.2,28,18
5a790fe9-4950-4f24-903a-a7440f7f826f,Active,list_add_item_at_pos,add_item_at_pos.c:57:35,stack-buffer-overflow on,35,7,0.2,28,18
5a790fe9-4950-4f24-903a-a7440f7f826f,Active,list_add_item_at_pos,add_item_at_pos.c:58:38,stack-buffer-overflow on,35,7,0.2,28,18
5a790fe9-4950-4f24-903a-a7440f7f826f,Active,list_add_item_at_pos,add_item_at_pos.c:58:31,stack-buffer-overflow on,35,7,0.2,28,18
5a790fe9-4950-4f24-903a-a7440f7f826f,Active,list_add_item_at_pos,add_item_at_pos.c:59:27,stack-buffer-overflow on,35,7,0.2,28,18
5a790fe9-4950-4f24-903a-a7440f7f826f,Active,list_add_item_at_pos,add_item_at_pos.c:55:36,SEGV on,35,7,0.2,28,18
5a790fe9-4950-4f24-903a-a7440f7f826f,Active,list_cost_sum,cost_sum.c:31:14,libFuzzer: timeout,11,5,0.4545,18,13
5a790fe9-4950-4f24-903a-a7440f7f826f,Active,list_cost_sum,cost_sum.c,libFuzzer: timeout,11,5,0.4545,18,13
5a790fe9-4950-4f24-903a-a7440f7f826f,Active,list_cost_sum,cost_sum.c:31:16,libFuzzer: timeout,11,5,0.4545,18,13
5a790fe9-4950-4f24-903a-a7440f7f826f,Active,list_cost_sum,cost_sum.c:31:21,libFuzzer: timeout,11,5,0.4545,18,13
5a790fe9-4950-4f24-903a-a7440f7f826f,Active,list_cost_sum,cost_sum.c:31:54,libFuzzer: timeout,11,5,0.4545,18,13
5a790fe9-4950-4f24-903a-a7440f7f826f,Active,list_item_to_string,item_to_string.c:32:43,SEGV on,7,2,0.2857,28,23
5a790fe9-4950-4f24-903a-a7440f7f826f,Active,list_item_to_string,item_to_string.c:32:11,SEGV on,7,2,0.2857,28,23
5a790fe9-4950-4f24-903a-a7440f7f826f,Active,list_print,print.c:47:8,SEGV on,16,1,0.0625,29,14
5a790fe9-4950-4f24-903a-a7440f7f826f,Active,list_remove_item_at_pos,remove_item_at_pos.c:38:22,stack-buffer-overflow on,16,6,0.375,22,16
5a790fe9-4950-4f24-903a-a7440f7f826f,Active,list_remove_item_at_pos,remove_item_at_pos.c:38:28,SEGV on,16,6,0.375,22,16
5a790fe9-4950-4f24-903a-a7440f7f826f,Active,list_remove_item_at_pos,remove_item_at_pos.c:38:28,stack-use-after-scope on,16,6,0.375,22,16
5a790fe9-4950-4f24-903a-a7440f7f826f,Active,list_remove_item_at_pos,remove_item_at_pos.c:38:15,stack-buffer-overflow on,16,6,0.375,22,16
5a790fe9-4950-4f24-903a-a7440f7f826f,Active,list_remove_item_at_pos,remove_item_at_pos.c:36:20,stack-buffer-overflow on,16,6,0.375,22,16
5a790fe9-4950-4f24-903a-a7440f7f826f,Active,list_remove_item_at_pos,remove_item_at_pos.c:36:20,SEGV on,16,6,0.375,22,16
5a790fe9-4950-4f24-903a-a7440f7f826f,Active,list_swap_item_positions,swap_item_positions.c:44:18,stack-buffer-overflow on,34,14,0.4118,23,7
5a790fe9-4950-4f24-903a-a7440f7f826f,Active,list_swap_item_positions,swap_item_positions.c:44:18,SEGV on,34,14,0.4118,23,7
5a790fe9-4950-4f24-903a-a7440f7f826f,Active,list_swap_item_positions,swap_item_positions.c:51:18,stack-buffer-overflow on,34,14,0.4118,23,7
5a790fe9-4950-4f24-903a-a7440f7f826f,Active,list_swap_item_positions,swap_item_positions.c:52:18,stack-buffer-overflow on,34,14,0.4118,23,7
5a790fe9-4950-4f24-903a-a7440f7f826f,Active,list_swap_item_positions,swap_item_positions.c:53:17,stack-buffer-overflow on,34,14,0.4118,23,7
5a790fe9-4950-4f24-903a-a7440f7f826f,Active,list_swap_item_positions,swap_item_positions.c:53:17,SEGV on,34,14,0.4118,23,7
5a790fe9-4950-4f24-903a-a7440f7f826f,Active,list_swap_item_positions,swap_item_positions.c:54:20,SEGV on,34,14,0.4118,23,7
5a790fe9-4950-4f24-903a-a7440f7f826f,Active,list_swap_item_positions,swap_item_positions.c:54:20,stack-use-after-scope on,34,14,0.4118,23,7
5a790fe9-4950-4f24-903a-a7440f7f826f,Active,list_swap_item_positions,swap_item_positions.c:54:14,stack-buffer-overflow on,34,14,0.4118,23,7
5a790fe9-4950-4f24-903a-a7440f7f826f,Active,list_swap_item_positions,swap_item_positions.c:54:14,SEGV on,34,14,0.4118,23,7
5a790fe9-4950-4f24-903a-a7440f7f826f,Active,list_swap_item_positions,swap_item_positions.c:55:14,stack-use-after-scope on,34,14,0.4118,23,7
5a790fe9-4950-4f24-903a-a7440f7f826f,Active,list_swap_item_positions,swap_item_positions.c:55:14,SEGV on,34,14,0.4118,23,7
5a790fe9-4950-4f24-903a-a7440f7f826f,Active,list_swap_item_positions,swap_item_positions.c:49:18,stack-buffer-overflow on,34,14,0.4118,23,7
5a790fe9-4950-4f24-903a-a7440f7f826f,Active,list_swap_item_positions,swap_item_positions.c:49:18,SEGV on,34,14,0.4118,23,7
5a790fe9-4950-4f24-903a-a7440f7f826f,Active,list_update_item_at_pos,update_item_at_pos.c:35:20,stack-buffer-overflow on,17,8,0.4706,26,19
5a790fe9-4950-4f24-903a-a7440f7f826f,Active,list_update_item_at_pos,update_item_at_pos.c:35:20,SEGV on,17,8,0.4706,26,19
5a790fe9-4950-4f24-903a-a7440f7f826f,Active,list_update_item_at_pos,update_item_at_pos.c:37:19,SEGV on,17,8,0.4706,26,19
5a790fe9-4950-4f24-903a-a7440f7f826f,Active,list_update_item_at_pos,update_item_at_pos.c:37:19,heap-buffer-overflow on,17,8,0.4706,26,19
5a790fe9-4950-4f24-903a-a7440f7f826f,Active,list_update_item_at_pos,update_item_at_pos.c:37:19,stack-use-after-scope on,17,8,0.4706,26,19
5a790fe9-4950-4f24-903a-a7440f7f826f,Active,list_update_item_at_pos,update_item_at_pos.c:39:16,heap-buffer-overflow on,17,8,0.4706,26,19
5a790fe9-4950-4f24-903a-a7440f7f826f,Active,list_update_item_at_pos,update_item_at_pos.c:39:16,stack-use-after-scope on,17,8,0.4706,26,19
5a790fe9-4950-4f24-903a-a7440f7f826f,Active,list_update_item_at_pos,update_item_at_pos.c:38:20,stack-use-after-scope on,17,8,0.4706,26,19
5a790fe9-4950-4f24-903a-a7440f7f826f,Active,list_add_item_at_pos,add_item_at_pos.c:62:25,stack-buffer-overflow on,35,7,0.2,28,18
5a790fe9-4950-4f24-903a-a7440f7f826f,Active,list_add_item_at_pos,add_item_at_pos.c:56:32,stack-buffer-overflow on,35,7,0.2,28,18
5a790fe9-4950-4f24-903a-a7440f7f826f,Active,list_add_item_at_pos,add_item_at_pos.c:57:35,stack-buffer-overflow on,35,7,0.2,28,18
5a790fe9-4950-4f24-903a-a7440f7f826f,Active,list_add_item_at_pos,add_item_at_pos.c:58:38,stack-buffer-overflow on,35,7,0.2,28,18
5a790fe9-4950-4f24-903a-a7440f7f826f,Active,list_add_item_at_pos,add_item_at_pos.c:58:31,stack-buffer-overflow on,35,7,0.2,28,18
5a790fe9-4950-4f24-903a-a7440f7f826f,Active,list_add_item_at_pos,add_item_at_pos.c:59:27,stack-buffer-overflow on,35,7,0.2,28,18
5a790fe9-4950-4f24-903a-a7440f7f826f,Active,list_add_item_at_pos,add_item_at_pos.c:55:36,SEGV on,35,7,0.2,28,18
7193a853-f8dd-423a-90be-39d0023d598e,Active,list_item_to_string,item_to_string.c:30:46,SEGV on,6,1,0.1667,28,23
7193a853-f8dd-423a-90be-39d0023d598e,Active,list_swap_item_positions,swap_item_positions.c:25,libFuzzer: timeout,55,6,0.1091,23,7
7193a853-f8dd-423a-90be-39d0023d598e,Active,list_swap_item_positions,swap_item_positions.c:25,SEGV on,55,6,0.1091,23,7
7193a853-f8dd-423a-90be-39d0023d598e,Active,list_swap_item_positions,swap_item_positions.c:33:32,heap-use-after-free on,55,6,0.1091,23,7
7193a853-f8dd-423a-90be-39d0023d598e,Active,list_swap_item_positions,swap_item_positions.c:61:34,heap-use-after-free on,55,6,0.1091,23,7
7193a853-f8dd-423a-90be-39d0023d598e,Active,list_swap_item_positions,swap_item_positions.c:62:21,heap-use-after-free on,55,6,0.1091,23,7
7193a853-f8dd-423a-90be-39d0023d598e,Active,list_swap_item_positions,swap_item_positions.c:69:25,heap-use-after-free on,55,6,0.1091,23,7
74bd8618-cc17-42a6-8657-abebc4b6b500,Active,list_item_to_string,item_to_string.c:43:5,stack-buffer-overflow on,18,1,0.0556,28,23
74bd8618-cc17-42a6-8657-abebc4b6b500,Active,list_remove_item_at_pos,remove_item_at_pos.c:41:30,SEGV on,23,12,0.5217,22,16
74bd8618-cc17-42a6-8657-abebc4b6b500,Active,list_remove_item_at_pos,remove_item_at_pos.c:41:30,heap-use-after-free on,23,12,0.5217,22,16
74bd8618-cc17-42a6-8657-abebc4b6b500,Active,list_remove_item_at_pos,remove_item_at_pos.c:35:30,heap-use-after-free on,23,12,0.5217,22,16
74bd8618-cc17-42a6-8657-abebc4b6b500,Active,list_remove_item_at_pos,remove_item_at_pos.c:41:42,heap-use-after-free on,23,12,0.5217,22,16
74bd8618-cc17-42a6-8657-abebc4b6b500,Active,list_remove_item_at_pos,remove_item_at_pos.c:41:19,heap-use-after-free on,23,12,0.5217,22,16
74bd8618-cc17-42a6-8657-abebc4b6b500,Active,list_remove_item_at_pos,remove_item_at_pos.c:42:42,heap-use-after-free on,23,12,0.5217,22,16
74bd8618-cc17-42a6-8657-abebc4b6b500,Active,list_remove_item_at_pos,remove_item_at_pos.c:42:19,heap-use-after-free on,23,12,0.5217,22,16
74bd8618-cc17-42a6-8657-abebc4b6b500,Active,list_remove_item_at_pos,remove_item_at_pos.c:42:30,heap-use-after-free on,23,12,0.5217,22,16
74bd8618-cc17-42a6-8657-abebc4b6b500,Active,list_remove_item_at_pos,remove_item_at_pos.c:43:9,attempting double-free,23,12,0.5217,22,16
74bd8618-cc17-42a6-8657-abebc4b6b500,Active,list_remove_item_at_pos,remove_item_at_pos.c:43:9,heap-use-after-free on,23,12,0.5217,22,16
74bd8618-cc17-42a6-8657-abebc4b6b500,Active,list_remove_item_at_pos,remove_item_at_pos.c:26,libFuzzer: timeout,23,12,0.5217,22,16
74bd8618-cc17-42a6-8657-abebc4b6b500,Active,list_remove_item_at_pos,remove_item_at_pos.c:26,SEGV on,23,12,0.5217,22,16
74bd8618-cc17-42a6-8657-abebc4b6b500,Active,list_swap_item_positions,swap_item_positions.c:53:29,SEGV on,34,3,0.0882,23,7
74bd8618-cc17-42a6-8657-abebc4b6b500,Active,list_swap_item_positions,swap_item_positions.c:25,libFuzzer: timeout,34,3,0.0882,23,7
74bd8618-cc17-42a6-8657-abebc4b6b500,Active,list_swap_item_positions,swap_item_positions.c:25,SEGV on,34,3,0.0882,23,7
752045ea-d911-4015-a0e5-66f513cb8751,Deactive,list_add_item_at_pos,add_item_at_pos.c:41:15,stack-buffer-overflow on,13,6,0.4615,19,11
752045ea-d911-4015-a0e5-66f513cb8751,Deactive,list_add_item_at_pos,add_item_at_pos.c:41:15,stack-use-after-scope on,13,6,0.4615,19,11
752045ea-d911-4015-a0e5-66f513cb8751,Deactive,list_add_item_at_pos,add_item_at_pos.c:36,SEGV on,13,6,0.4615,19,11
752045ea-d911-4015-a0e5-66f513cb8751,Deactive,list_add_item_at_pos,add_item_at_pos.c:36,requested allocation,13,6,0.4615,19,11
752045ea-d911-4015-a0e5-66f513cb8751,Deactive,list_add_item_at_pos,add_item_at_pos.c:39:11,attempting free,13,6,0.4615,19,11
752045ea-d911-4015-a0e5-66f513cb8751,Deactive,list_add_item_at_pos,add_item_at_pos.c:39:11,heap-buffer-overflow on,13,6,0.4615,19,11
752045ea-d911-4015-a0e5-66f513cb8751,Deactive,list_print,print.c:42:20,heap-buffer-overflow on,12,6,0.5,24,9
752045ea-d911-4015-a0e5-66f513cb8751,Deactive,list_print,print.c:43:55,heap-buffer-overflow on,12,6,0.5,24,9
752045ea-d911-4015-a0e5-66f513cb8751,Deactive,list_print,print.c:44:17,heap-buffer-overflow on,12,6,0.5,24,9
752045ea-d911-4015-a0e5-66f513cb8751,Deactive,list_print,print.c:44:36,heap-buffer-overflow on,12,6,0.5,24,9
752045ea-d911-4015-a0e5-66f513cb8751,Deactive,list_print,print.c:43:9,SEGV on,12,6,0.5,24,9
752045ea-d911-4015-a0e5-66f513cb8751,Deactive,list_print,print.c:42:25,SEGV on,12,6,0.5,24,9
752045ea-d911-4015-a0e5-66f513cb8751,Deactive,list_update_item_at_pos,update_item_at_pos.c:33:15,stack-buffer-overflow on,15,2,0.1333,13,9
752045ea-d911-4015-a0e5-66f513cb8751,Deactive,list_update_item_at_pos,update_item_at_pos.c:25,SEGV on,15,2,0.1333,13,9
752045ea-d911-4015-a0e5-66f513cb8751,Deactive,list_add_item_at_pos,add_item_at_pos.c:41:15,stack-buffer-overflow on,13,6,0.4615,19,11
752045ea-d911-4015-a0e5-66f513cb8751,Deactive,list_add_item_at_pos,add_item_at_pos.c:41:15,stack-use-after-scope on,13,6,0.4615,19,11
752045ea-d911-4015-a0e5-66f513cb8751,Deactive,list_add_item_at_pos,add_item_at_pos.c:36,SEGV on,13,6,0.4615,19,11
752045ea-d911-4015-a0e5-66f513cb8751,Deactive,list_add_item_at_pos,add_item_at_pos.c:36,requested allocation,13,6,0.4615,19,11
752045ea-d911-4015-a0e5-66f513cb8751,Deactive,list_add_item_at_pos,add_item_at_pos.c:39:11,attempting free,13,6,0.4615,19,11
752045ea-d911-4015-a0e5-66f513cb8751,Deactive,list_add_item_at_pos,add_item_at_pos.c:39:11,heap-buffer-overflow on,13,6,0.4615,19,11
833d22d1-766e-4e96-af92-180a3c4a2d99,Deactive,list_add_item_at_pos,add_item_at_pos.c:50:24,SEGV on,21,2,0.0952,19,11
833d22d1-766e-4e96-af92-180a3c4a2d99,Deactive,list_add_item_at_pos,add_item_at_pos.c:45:30,SEGV on,21,2,0.0952,19,11
833d22d1-766e-4e96-af92-180a3c4a2d99,Deactive,list_item_to_string,item_to_string.c:30:49,SEGV on,8,2,0.25,20,12
833d22d1-766e-4e96-af92-180a3c4a2d99,Deactive,list_item_to_string,item_to_string.c:30:8,stack-buffer-overflow on,8,2,0.25,20,12
833d22d1-766e-4e96-af92-180a3c4a2d99,Deactive,list_load,load.c:46:9,heap-buffer-overflow on,27,5,0.1852,12,4
833d22d1-766e-4e96-af92-180a3c4a2d99,Deactive,list_load,load.c:46:9,SEGV on,27,5,0.1852,12,4
833d22d1-766e-4e96-af92-180a3c4a2d99,Deactive,list_load,load.c:47:9,heap-buffer-overflow on,27,5,0.1852,12,4
833d22d1-766e-4e96-af92-180a3c4a2d99,Deactive,list_load,load.c:47:9,libFuzzer: timeout,27,5,0.1852,12,4
833d22d1-766e-4e96-af92-180a3c4a2d99,Deactive,list_load,load.c:45:30,libFuzzer: timeout,27,5,0.1852,12,4
833d22d1-766e-4e96-af92-180a3c4a2d99,Deactive,list_print,print.c:42:13,stack-buffer-overflow on,19,3,0.1579,24,9
833d22d1-766e-4e96-af92-180a3c4a2d99,Deactive,list_print,print.c:43:13,stack-buffer-overflow on,19,3,0.1579,24,9
833d22d1-766e-4e96-af92-180a3c4a2d99,Deactive,list_print,print.c:45:22,SEGV on,19,3,0.1579,24,9
833d22d1-766e-4e96-af92-180a3c4a2d99,Deactive,list_save,save.c:36:9,SEGV on,17,2,0.1176,13,7
833d22d1-766e-4e96-af92-180a3c4a2d99,Deactive,list_save,save.c:40:5,SEGV on,17,2,0.1176,13,7
833d22d1-766e-4e96-af92-180a3c4a2d99,Deactive,list_update_item_at_pos,update_item_at_pos.c:43:24,SEGV on,26,2,0.0769,13,9
833d22d1-766e-4e96-af92-180a3c4a2d99,Deactive,list_update_item_at_pos,update_item_at_pos.c:37:30,SEGV on,26,2,0.0769,13,9
833d22d1-766e-4e96-af92-180a3c4a2d99,Deactive,list_add_item_at_pos,add_item_at_pos.c:50:24,SEGV on,21,2,0.0952,19,11
833d22d1-766e-4e96-af92-180a3c4a2d99,Deactive,list_add_item_at_pos,add_item_at_pos.c:45:30,SEGV on,21,2,0.0952,19,11
85792f4f-e247-45ab-99e7-8e6367616f8b,Active,list_add_item_at_pos,add_item_at_pos.c:64:27,SEGV on,33,1,0.0303,28,18
85792f4f-e247-45ab-99e7-8e6367616f8b,Active,list_item_to_string,item_to_string.c:33:5,stack-buffer-overflow on,8,1,0.125,28,23
85792f4f-e247-45ab-99e7-8e6367616f8b,Active,list_print,print.c:46:9,heap-use-after-free on,17,1,0.0588,29,14
85792f4f-e247-45ab-99e7-8e6367616f8b,Active,list_remove_item_at_pos,remove_item_at_pos.c:50:18,SEGV on,34,2,0.0588,22,16
85792f4f-e247-45ab-99e7-8e6367616f8b,Active,list_remove_item_at_pos,remove_item_at_pos.c:53:23,SEGV on,34,2,0.0588,22,16
85792f4f-e247-45ab-99e7-8e6367616f8b,Active,list_swap_item_positions,swap_item_positions.c:82:25,SEGV on,69,3,0.0435,23,7
85792f4f-e247-45ab-99e7-8e6367616f8b,Active,list_swap_item_positions,swap_item_positions.c:50:36,SEGV on,69,3,0.0435,23,7
85792f4f-e247-45ab-99e7-8e6367616f8b,Active,list_swap_item_positions,swap_item_positions.c:66:36,SEGV on,69,3,0.0435,23,7
85792f4f-e247-45ab-99e7-8e6367616f8b,Active,list_update_item_at_pos,update_item_at_pos.c:40:16,SEGV on,22,1,0.0455,26,19
85792f4f-e247-45ab-99e7-8e6367616f8b,Active,list_add_item_at_pos,add_item_at_pos.c:64:27,SEGV on,33,1,0.0303,28,18
925cb076-503f-4a8e-b8d9-0aac9efe5955,Active,list_add_item_at_pos,add_item_at_pos.c:48:9,SEGV on,43,1,0.0233,28,18
925cb076-503f-4a8e-b8d9-0aac9efe5955,Active,list_item_to_string,item_to_string.c:45:13,stack-buffer-overflow on,22,1,0.0455,28,23
925cb076-503f-4a8e-b8d9-0aac9efe5955,Active,list_remove_item_at_pos,remove_item_at_pos.c:30:18,SEGV on,14,3,0.2143,22,16
925cb076-503f-4a8e-b8d9-0aac9efe5955,Active,list_remove_item_at_pos,remove_item_at_pos.c:34:19,SEGV on,14,3,0.2143,22,16
925cb076-503f-4a8e-b8d9-0aac9efe5955,Active,list_remove_item_at_pos,remove_item_at_pos.c:33:18,SEGV on,14,3,0.2143,22,16
925cb076-503f-4a8e-b8d9-0aac9efe5955,Active,list_swap_item_positions,swap_item_positions.c:29:18,SEGV on,27,4,0.1481,23,7
925cb076-503f-4a8e-b8d9-0aac9efe5955,Active,list_swap_item_positions,swap_item_positions.c:32:18,SEGV on,27,4,0.1481,23,7
925cb076-503f-4a8e-b8d9-0aac9efe5955,Active,list_swap_item_positions,swap_item_positions.c:33:19,SEGV on,27,4,0.1481,23,7
925cb076-503f-4a8e-b8d9-0aac9efe5955,Active,list_swap_item_positions,swap_item_positions.c:40:20,SEGV on,27,4,0.1481,23,7
925cb076-503f-4a8e-b8d9-0aac9efe5955,Active,list_update_item_at_pos,update_item_at_pos.c:33:21,SEGV on,14,3,0.2143,26,19
925cb076-503f-4a8e-b8d9-0aac9efe5955,Active,list_update_item_at_pos,update_item_at_pos.c:29:18,SEGV on,14,3,0.2143,26,19
925cb076-503f-4a8e-b8d9-0aac9efe5955,Active,list_update_item_at_pos,update_item_at_pos.c:32:18,SEGV on,14,3,0.2143,26,19
925cb076-503f-4a8e-b8d9-0aac9efe5955,Active,list_add_item_at_pos,add_item_at_pos.c:48:9,SEGV on,43,1,0.0233,28,18
949d88c5-3896-4e45-a42e-8bff4c950949,Deactive,list_add_item_at_pos,add_item_at_pos.c:38:24,stack-use-after-scope on,21,4,0.1905,19,11
949d88c5-3896-4e45-a42e-8bff4c950949,Deactive,list_add_item_at_pos,add_item_at_pos.c:38:24,SEGV on,21,4,0.1905,19,11
949d88c5-3896-4e45-a42e-8bff4c950949,Deactive,list_add_item_at_pos,add_item_at_pos.c:39:20,stack-use-after-scope on,21,4,0.1905,19,11
949d88c5-3896-4e45-a42e-8bff4c950949,Deactive,list_add_item_at_pos,add_item_at_pos.c:40:23,stack-use-after-scope on,21,4,0.1905,19,11
949d88c5-3896-4e45-a42e-8bff4c950949,Deactive,list_item_to_string,item_to_string.c:30:45,SEGV on,13,1,0.0769,20,12
949d88c5-3896-4e45-a42e-8bff4c950949,Deactive,list_add_item_at_pos,add_item_at_pos.c:38:24,stack-use-after-scope on,21,4,0.1905,19,11
949d88c5-3896-4e45-a42e-8bff4c950949,Deactive,list_add_item_at_pos,add_item_at_pos.c:38:24,SEGV on,21,4,0.1905,19,11
949d88c5-3896-4e45-a42e-8bff4c950949,Deactive,list_add_item_at_pos,add_item_at_pos.c:39:20,stack-use-after-scope on,21,4,0.1905,19,11
949d88c5-3896-4e45-a42e-8bff4c950949,Deactive,list_add_item_at_pos,add_item_at_pos.c:40:23,stack-use-after-scope on,21,4,0.1905,19,11
94cc70d0-7086-4a40-894a-433c90f7d9c4,Deactive,list_add_item_at_pos,add_item_at_pos.c:36,SEGV on,29,3,0.1034,19,11
94cc70d0-7086-4a40-894a-433c90f7d9c4,Deactive,list_add_item_at_pos,add_item_at_pos.c:51:28,SEGV on,29,3,0.1034,19,11
94cc70d0-7086-4a40-894a-433c90f7d9c4,Deactive,list_add_item_at_pos,add_item_at_pos.c:58:28,SEGV on,29,3,0.1034,19,11
94cc70d0-7086-4a40-894a-433c90f7d9c4,Deactive,list_deduplicate,deduplicate.c:35:16,libFuzzer: timeout,18,2,0.1111,12,4
94cc70d0-7086-4a40-894a-433c90f7d9c4,Deactive,list_deduplicate,deduplicate.c:35:38,libFuzzer: timeout,18,2,0.1111,12,4
94cc70d0-7086-4a40-894a-433c90f7d9c4,Deactive,list_find_highest_price_item_position,find_highest_price_item_position.c:28:29,SEGV on,15,1,0.0667,13,7
94cc70d0-7086-4a40-894a-433c90f7d9c4,Deactive,list_item_to_string,item_to_string.c:29:56,SEGV on,8,1,0.125,20,12
94cc70d0-7086-4a40-894a-433c90f7d9c4,Deactive,list_load,load.c:47:11,heap-buffer-overflow on,31,3,0.0968,12,4
94cc70d0-7086-4a40-894a-433c90f7d9c4,Deactive,list_load,load.c:47:11,SEGV on,31,3,0.0968,12,4
94cc70d0-7086-4a40-894a-433c90f7d9c4,Deactive,list_load,load.c:48:15,heap-buffer-overflow on,31,3,0.0968,12,4
94cc70d0-7086-4a40-894a-433c90f7d9c4,Deactive,list_print,print.c:42:15,heap-buffer-overflow on,14,3,0.2143,24,9
94cc70d0-7086-4a40-894a-433c90f7d9c4,Deactive,list_print,print.c:42:15,SEGV on,14,3,0.2143,24,9
94cc70d0-7086-4a40-894a-433c90f7d9c4,Deactive,list_print,print.c:45:9,heap-buffer-overflow on,14,3,0.2143,24,9
94cc70d0-7086-4a40-894a-433c90f7d9c4,Deactive,list_remove_item_at_pos,remove_item_at_pos.c:35:28,SEGV on,23,3,0.1304,12,9
94cc70d0-7086-4a40-894a-433c90f7d9c4,Deactive,list_remove_item_at_pos,remove_item_at_pos.c:36:26,SEGV on,23,3,0.1304,12,9
94cc70d0-7086-4a40-894a-433c90f7d9c4,Deactive,list_remove_item_at_pos,remove_item_at_pos.c:41:32,SEGV on,23,3,0.1304,12,9
94cc70d0-7086-4a40-894a-433c90f7d9c4,Deactive,list_swap_item_positions,swap_item_positions.c:46:15,heap-use-after-free on,29,4,0.1379,11,4
94cc70d0-7086-4a40-894a-433c90f7d9c4,Deactive,list_swap_item_positions,swap_item_positions.c:33:37,SEGV on,29,4,0.1379,11,4
94cc70d0-7086-4a40-894a-433c90f7d9c4,Deactive,list_swap_item_positions,swap_item_positions.c:29:28,SEGV on,29,4,0.1379,11,4
94cc70d0-7086-4a40-894a-433c90f7d9c4,Deactive,list_swap_item_positions,swap_item_positions.c:40:27,SEGV on,29,4,0.1379,11,4
94cc70d0-7086-4a40-894a-433c90f7d9c4,Deactive,list_update_item_at_pos,update_item_at_pos.c:29:28,SEGV on,15,2,0.1333,13,9
94cc70d0-7086-4a40-894a-433c90f7d9c4,Deactive,list_update_item_at_pos,update_item_at_pos.c:35:24,SEGV on,15,2,0.1333,13,9
94cc70d0-7086-4a40-894a-433c90f7d9c4,Deactive,list_add_item_at_pos,add_item_at_pos.c:36,SEGV on,29,3,0.1034,19,11
94cc70d0-7086-4a40-894a-433c90f7d9c4,Deactive,list_add_item_at_pos,add_item_at_pos.c:51:28,SEGV on,29,3,0.1034,19,11
94cc70d0-7086-4a40-894a-433c90f7d9c4,Deactive,list_add_item_at_pos,add_item_at_pos.c:58:28,SEGV on,29,3,0.1034,19,11
9702f54c-200b-41f5-9fc4-971af3d86785,Deactive,list_find_highest_price_item_position,find_highest_price_item_position.c:29:30,SEGV on,20,1,0.05,13,7
9702f54c-200b-41f5-9fc4-971af3d86785,Deactive,list_item_to_string,item_to_string.c:39:15,stack-buffer-overflow on,21,1,0.0476,20,12
9702f54c-200b-41f5-9fc4-971af3d86785,Deactive,list_load,load.c:58:26,SEGV on,52,2,0.0385,12,4
9702f54c-200b-41f5-9fc4-971af3d86785,Deactive,list_load,load.c:59:29,SEGV on,52,2,0.0385,12,4
9702f54c-200b-41f5-9fc4-971af3d86785,Deactive,list_remove_item_at_pos,remove_item_at_pos.c:43:23,SEGV on,46,2,0.0435,12,9
9702f54c-200b-41f5-9fc4-971af3d86785,Deactive,list_remove_item_at_pos,remove_item_at_pos.c:57:42,SEGV on,46,2,0.0435,12,9
9702f54c-200b-41f5-9fc4-971af3d86785,Deactive,list_swap_item_positions,swap_item_positions.c:56:13,heap-use-after-free on,46,1,0.0217,11,4
a2ab1ed3-1881-42af-b18d-1197d0ea95ae,Deactive,list_print,print.c:40:9,libFuzzer: timeout,8,4,0.5,24,9
a2ab1ed3-1881-42af-b18d-1197d0ea95ae,Deactive,list_print,print.c:37,libFuzzer: timeout,8,4,0.5,24,9
a2ab1ed3-1881-42af-b18d-1197d0ea95ae,Deactive,list_print,print.c:40:36,libFuzzer: timeout,8,4,0.5,24,9
a2ab1ed3-1881-42af-b18d-1197d0ea95ae,Deactive,list_print,print.c:40:84,libFuzzer: timeout,8,4,0.5,24,9
a391803d-b2e8-47cd-8319-305aae3983bc,Deactive,list_deduplicate,deduplicate.c:34:22,stack-buffer-overflow on,33,6,0.1818,12,4
a391803d-b2e8-47cd-8319-305aae3983bc,Deactive,list_deduplicate,deduplicate.c:32:26,stack-use-after-scope on,33,6,0.1818,12,4
a391803d-b2e8-47cd-8319-305aae3983bc,Deactive,list_deduplicate,deduplicate.c:32:26,SEGV on,33,6,0.1818,12,4
a391803d-b2e8-47cd-8319-305aae3983bc,Deactive,list_deduplicate,deduplicate.c:32:13,SEGV on,33,6,0.1818,12,4
a391803d-b2e8-47cd-8319-305aae3983bc,Deactive,list_deduplicate,deduplicate.c:32:13,stack-use-after-scope on,33,6,0.1818,12,4
a391803d-b2e8-47cd-8319-305aae3983bc,Deactive,list_deduplicate,deduplicate.c:61:33,stack-use-after-scope on,33,6,0.1818,12,4
a391803d-b2e8-47cd-8319-305aae3983bc,Deactive,list_item_to_string,item_to_string.c:38:5,stack-buffer-overflow on,10,1,0.1,20,12
a391803d-b2e8-47cd-8319-305aae3983bc,Deactive,list_load,load.c:57:12,SEGV on,37,2,0.0541,12,4
a391803d-b2e8-47cd-8319-305aae3983bc,Deactive,list_load,load.c:59:9,SEGV on,37,2,0.0541,12,4
a3edd088-a9ab-4b80-ae98-01ffcfca615b,Active,list_add_item_at_pos,add_item_at_pos.c:44:36,SEGV on,23,1,0.0435,28,18
a3edd088-a9ab-4b80-ae98-01ffcfca615b,Active,list_update_item_at_pos,update_item_at_pos.c:38:32,stack-buffer-overflow on,17,2,0.1176,26,19
a3edd088-a9ab-4b80-ae98-01ffcfca615b,Active,list_update_item_at_pos,update_item_at_pos.c:38:32,SEGV on,17,2,0.1176,26,19
a3edd088-a9ab-4b80-ae98-01ffcfca615b,Active,list_add_item_at_pos,add_item_at_pos.c:44:36,SEGV on,23,1,0.0435,28,18
a4b3a969-44a1-4cea-87f5-86393eb85908,Active,list_add_item_at_pos,add_item_at_pos.c:55:30,SEGV on,33,2,0.0606,28,18
a4b3a969-44a1-4cea-87f5-86393eb85908,Active,list_add_item_at_pos,add_item_at_pos.c:64:35,SEGV on,33,2,0.0606,28,18
a4b3a969-44a1-4cea-87f5-86393eb85908,Active,list_item_to_string,item_to_string.c:37:9,stack-buffer-overflow on,14,1,0.0714,28,23
a4b3a969-44a1-4cea-87f5-86393eb85908,Active,list_remove_item_at_pos,remove_item_at_pos.c:39:30,SEGV on,25,4,0.16,22,16
a4b3a969-44a1-4cea-87f5-86393eb85908,Active,list_remove_item_at_pos,remove_item_at_pos.c:45:31,SEGV on,25,4,0.16,22,16
a4b3a969-44a1-4cea-87f5-86393eb85908,Active,list_remove_item_at_pos,remove_item_at_pos.c:34:26,SEGV on,25,4,0.16,22,16
a4b3a969-44a1-4cea-87f5-86393eb85908,Active,list_remove_item_at_pos,remove_item_at_pos.c:44:31,SEGV on,25,4,0.16,22,16
a4b3a969-44a1-4cea-87f5-86393eb85908,Active,list_swap_item_positions,swap_item_positions.c:36:26,SEGV on,29,3,0.1034,23,7
a4b3a969-44a1-4cea-87f5-86393eb85908,Active,list_swap_item_positions,swap_item_positions.c:50:20,SEGV on,29,3,0.1034,23,7
a4b3a969-44a1-4cea-87f5-86393eb85908,Active,list_swap_item_positions,swap_item_positions.c:41:25,SEGV on,29,3,0.1034,23,7
a4b3a969-44a1-4cea-87f5-86393eb85908,Active,list_update_item_at_pos,update_item_at_pos.c:39:30,SEGV on,25,2,0.08,26,19
a4b3a969-44a1-4cea-87f5-86393eb85908,Active,list_update_item_at_pos,update_item_at_pos.c:33:28,SEGV on,25,2,0.08,26,19
a4b3a969-44a1-4cea-87f5-86393eb85908,Active,list_add_item_at_pos,add_item_at_pos.c:55:30,SEGV on,33,2,0.0606,28,18
a4b3a969-44a1-4cea-87f5-86393eb85908,Active,list_add_item_at_pos,add_item_at_pos.c:64:35,SEGV on,33,2,0.0606,28,18
a5ba06a2-cd4d-4aed-92ac-eeee80fe3e73,Active,list_item_to_string,item_to_string.c:35:5,attempting free,10,5,0.5,28,23
a5ba06a2-cd4d-4aed-92ac-eeee80fe3e73,Active,list_item_to_string,item_to_string.c:35:5,alloc-dealloc-mismatch (INVALID,10,5,0.5,28,23
a5ba06a2-cd4d-4aed-92ac-eeee80fe3e73,Active,list_item_to_string,item_to_string.c:35:5,alloc-dealloc-mismatch (operator,10,5,0.5,28,23
a5ba06a2-cd4d-4aed-92ac-eeee80fe3e73,Active,list_item_to_string,item_to_string.c:35:5,attempting double-free,10,5,0.5,28,23
a5ba06a2-cd4d-4aed-92ac-eeee80fe3e73,Active,list_item_to_string,item_to_string.c:34:5,stack-buffer-overflow on,10,5,0.5,28,23
a5ba06a2-cd4d-4aed-92ac-eeee80fe3e73,Active,list_load,load.c:40:12,SEGV on,25,1,0.04,19,4
a5ba06a2-cd4d-4aed-92ac-eeee80fe3e73,Active,list_update_item_at_pos,update_item_at_pos.c:49:5,heap-buffer-overflow on,27,6,0.2222,26,19
a5ba06a2-cd4d-4aed-92ac-eeee80fe3e73,Active,list_update_item_at_pos,update_item_at_pos.c:25,attempting free,27,6,0.2222,26,19
a5ba06a2-cd4d-4aed-92ac-eeee80fe3e73,Active,list_update_item_at_pos,update_item_at_pos.c:25,libFuzzer: out-of-memory,27,6,0.2222,26,19
a5ba06a2-cd4d-4aed-92ac-eeee80fe3e73,Active,list_update_item_at_pos,update_item_at_pos.c:25,attempting double-free,27,6,0.2222,26,19
a5ba06a2-cd4d-4aed-92ac-eeee80fe3e73,Active,list_update_item_at_pos,update_item_at_pos.c:25,heap-buffer-overflow on,27,6,0.2222,26,19
a5ba06a2-cd4d-4aed-92ac-eeee80fe3e73,Active,list_update_item_at_pos,update_item_at_pos.c:38:9,SEGV on,27,6,0.2222,26,19
a80d5d0f-724e-4a28-8af1-02ca84993567,Active,list_item_to_string,item_to_string.c:32:9,stack-buffer-overflow on,8,1,0.125,28,23
a80d5d0f-724e-4a28-8af1-02ca84993567,Active,list_print,print.c:44:37,heap-buffer-overflow on,14,3,0.2143,29,14
a80d5d0f-724e-4a28-8af1-02ca84993567,Active,list_print,print.c:44:37,SEGV on,14,3,0.2143,29,14
a80d5d0f-724e-4a28-8af1-02ca84993567,Active,list_print,print.c:44:13,SEGV on,14,3,0.2143,29,14
a80d5d0f-724e-4a28-8af1-02ca84993567,Active,list_remove_item_at_pos,remove_item_at_pos.c:48:24,SEGV on,27,1,0.037,22,16
a80d5d0f-724e-4a28-8af1-02ca84993567,Active,list_swap_item_positions,swap_item_positions.c:52:46,SEGV on,30,2,0.0667,23,7
a80d5d0f-724e-4a28-8af1-02ca84993567,Active,list_swap_item_positions,swap_item_positions.c:42:45,SEGV on,30,2,0.0667,23,7
a80d5d0f-724e-4a28-8af1-02ca84993567,Active,list_update_item_at_pos,update_item_at_pos.c:39:21,SEGV on,19,1,0.0526,26,19
a974cab3-f095-4360-969e-9942edfdedc1,Active,list_item_to_string,item_to_string.c:29:67,SEGV on,4,1,0.25,28,23
a974cab3-f095-4360-969e-9942edfdedc1,Active,list_load,load.c:40:9,stack-buffer-overflow on,18,3,0.1667,19,4
a974cab3-f095-4360-969e-9942edfdedc1,Active,list_load,load.c:41:9,stack-buffer-overflow on,18,3,0.1667,19,4
a974cab3-f095-4360-969e-9942edfdedc1,Active,list_load,load.c:41:9,libFuzzer: timeout,18,3,0.1667,19,4
a974cab3-f095-4360-969e-9942edfdedc1,Active,list_print,print.c:28:29,libFuzzer: out-of-memory,12,1,0.0833,29,14
a974cab3-f095-4360-969e-9942edfdedc1,Active,list_remove_item_at_pos,remove_item_at_pos.c:35:28,SEGV on,21,4,0.1905,22,16
a974cab3-f095-4360-969e-9942edfdedc1,Active,list_remove_item_at_pos,remove_item_at_pos.c:40:29,SEGV on,21,4,0.1905,22,16
a974cab3-f095-4360-969e-9942edfdedc1,Active,list_remove_item_at_pos,remove_item_at_pos.c:41:29,SEGV on,21,4,0.1905,22,16
a974cab3-f095-4360-969e-9942edfdedc1,Active,list_remove_item_at_pos,remove_item_at_pos.c:28:26,SEGV on,21,4,0.1905,22,16
a974cab3-f095-4360-969e-9942edfdedc1,Active,list_swap_item_positions,swap_item_positions.c:29:24,SEGV on,14,3,0.2143,23,7
a974cab3-f095-4360-969e-9942edfdedc1,Active,list_swap_item_positions,swap_item_positions.c:34:26,SEGV on,14,3,0.2143,23,7
a974cab3-f095-4360-969e-9942edfdedc1,Active,list_swap_item_positions,swap_item_positions.c:32:24,SEGV on,14,3,0.2143,23,7
a974cab3-f095-4360-969e-9942edfdedc1,Active,list_update_item_at_pos,update_item_at_pos.c:35:28,SEGV on,21,3,0.1429,26,19
a974cab3-f095-4360-969e-9942edfdedc1,Active,list_update_item_at_pos,update_item_at_pos.c:40:25,SEGV on,21,3,0.1429,26,19
a974cab3-f095-4360-969e-9942edfdedc1,Active,list_update_item_at_pos,update_item_at_pos.c:27:28,SEGV on,21,3,0.1429,26,19
b0ce9d89-f33e-4770-abfb-11e9830da4c4,Deactive,list_add_item_at_pos,add_item_at_pos.c:53:19,SEGV on,23,6,0.2609,19,11
b0ce9d89-f33e-4770-abfb-11e9830da4c4,Deactive,list_add_item_at_pos,add_item_at_pos.c:49:21,SEGV on,23,6,0.2609,19,11
b0ce9d89-f33e-4770-abfb-11e9830da4c4,Deactive,list_add_item_at_pos,add_item_at_pos.c:49:21,stack-buffer-overflow on,23,6,0.2609,19,11
b0ce9d89-f33e-4770-abfb-11e9830da4c4,Deactive,list_add_item_at_pos,add_item_at_pos.c:50:17,stack-buffer-overflow on,23,6,0.2609,19,11
b0ce9d89-f33e-4770-abfb-11e9830da4c4,Deactive,list_add_item_at_pos,add_item_at_pos.c:51:20,stack-buffer-overflow on,23,6,0.2609,19,11
b0ce9d89-f33e-4770-abfb-11e9830da4c4,Deactive,list_add_item_at_pos,add_item_at_pos.c:51:20,stack-use-after-scope on,23,6,0.2609,19,11
b0ce9d89-f33e-4770-abfb-11e9830da4c4,Deactive,list_item_to_string,item_to_string.c:33:40,SEGV on,14,2,0.1429,20,12
b0ce9d89-f33e-4770-abfb-11e9830da4c4,Deactive,list_item_to_string,item_to_string.c:33:23,SEGV on,14,2,0.1429,20,12
b0ce9d89-f33e-4770-abfb-11e9830da4c4,Deactive,list_print,print.c:40:9,stack-buffer-overflow on,11,7,0.6364,24,9
b0ce9d89-f33e-4770-abfb-11e9830da4c4,Deactive,list_print,print.c:40:9,SEGV on,11,7,0.6364,24,9
b0ce9d89-f33e-4770-abfb-11e9830da4c4,Deactive,list_print,print.c:40:9,heap-buffer-overflow on,11,7,0.6364,24,9
b0ce9d89-f33e-4770-abfb-11e9830da4c4,Deactive,list_print,print.c:41:9,stack-buffer-overflow on,11,7,0.6364,24,9
b0ce9d89-f33e-4770-abfb-11e9830da4c4,Deactive,list_print,print.c:41:9,heap-buffer-overflow on,11,7,0.6364,24,9
b0ce9d89-f33e-4770-abfb-11e9830da4c4,Deactive,list_print,print.c:37,SEGV on,11,7,0.6364,24,9
b0ce9d89-f33e-4770-abfb-11e9830da4c4,Deactive,list_print,print.c:37,libFuzzer: fuzz,11,7,0.6364,24,9
b0ce9d89-f33e-4770-abfb-11e9830da4c4,Deactive,list_add_item_at_pos,add_item_at_pos.c:53:19,SEGV on,23,6,0.2609,19,11
b0ce9d89-f33e-4770-abfb-11e9830da4c4,Deactive,list_add_item_at_pos,add_item_at_pos.c:49:21,SEGV on,23,6,0.2609,19,11
b0ce9d89-f33e-4770-abfb-11e9830da4c4,Deactive,list_add_item_at_pos,add_item_at_pos.c:49:21,stack-buffer-overflow on,23,6,0.2609,19,11
b0ce9d89-f33e-4770-abfb-11e9830da4c4,Deactive,list_add_item_at_pos,add_item_at_pos.c:50:17,stack-buffer-overflow on,23,6,0.2609,19,11
b0ce9d89-f33e-4770-abfb-11e9830da4c4,Deactive,list_add_item_at_pos,add_item_at_pos.c:51:20,stack-buffer-overflow on,23,6,0.2609,19,11
b0ce9d89-f33e-4770-abfb-11e9830da4c4,Deactive,list_add_item_at_pos,add_item_at_pos.c:51:20,stack-use-after-scope on,23,6,0.2609,19,11
b59feaf2-4c48-4ec0-8d00-3428362914a7,Active,list_add_item_at_pos,add_item_at_pos.c:40:26,SEGV on,25,1,0.04,28,18
b59feaf2-4c48-4ec0-8d00-3428362914a7,Active,list_add_item_at_pos,add_item_at_pos.c:40:26,SEGV on,25,1,0.04,28,18
bbea417b-a3f1-451b-a25d-d9dfb2c8aed2,Deactive,list_add_item_at_pos,add_item_at_pos.c:50:22,SEGV on,22,2,0.0909,19,11
bbea417b-a3f1-451b-a25d-d9dfb2c8aed2,Deactive,list_add_item_at_pos,add_item_at_pos.c:52:27,SEGV on,22,2,0.0909,19,11
bbea417b-a3f1-451b-a25d-d9dfb2c8aed2,Deactive,list_init,init.c:27,SEGV on,6,1,0.1667,1,0
bbea417b-a3f1-451b-a25d-d9dfb2c8aed2,Deactive,list_item_to_string,item_to_string.c:31:8,stack-buffer-overflow on,8,1,0.125,20,12
bbea417b-a3f1-451b-a25d-d9dfb2c8aed2,Deactive,list_add_item_at_pos,add_item_at_pos.c:50:22,SEGV on,22,2,0.0909,19,11
bbea417b-a3f1-451b-a25d-d9dfb2c8aed2,Deactive,list_add_item_at_pos,add_item_at_pos.c:52:27,SEGV on,22,2,0.0909,19,11
be6fa0a5-e7ff-4ae0-b846-57d9385acd84,Active,list_item_to_string,item_to_string.c:33:5,stack-buffer-overflow on,9,1,0.1111,28,23
be6fa0a5-e7ff-4ae0-b846-57d9385acd84,Active,list_swap_item_positions,swap_item_positions.c:62:15,SEGV on,47,2,0.0426,23,7
be6fa0a5-e7ff-4ae0-b846-57d9385acd84,Active,list_swap_item_positions,swap_item_positions.c:65:22,SEGV on,47,2,0.0426,23,7
c23b2615-700f-48f2-b33d-3433d1c25bb6,Active,list_item_to_string,item_to_string.c:34:5,stack-buffer-overflow on,9,1,0.1111,28,23
c23b2615-700f-48f2-b33d-3433d1c25bb6,Active,list_remove_item_at_pos,remove_item_at_pos.c:47:27,SEGV on,26,1,0.0385,22,16
c23b2615-700f-48f2-b33d-3433d1c25bb6,Active,list_swap_item_positions,swap_item_positions.c:58:31,SEGV on,43,1,0.0233,23,7
c8a48b56-ce2e-4d25-8dd8-a23b5e6549b5,Deactive,list_add_item_at_pos,add_item_at_pos.c:42:20,SEGV on,27,2,0.0741,19,11
c8a48b56-ce2e-4d25-8dd8-a23b5e6549b5,Deactive,list_add_item_at_pos,add_item_at_pos.c:54:28,SEGV on,27,2,0.0741,19,11
c8a48b56-ce2e-4d25-8dd8-a23b5e6549b5,Deactive,list_deduplicate,deduplicate.c:62:22,SEGV on,40,1,0.025,12,4
c8a48b56-ce2e-4d25-8dd8-a23b5e6549b5,Deactive,list_find_highest_price_item_position,find_highest_price_item_position.c:31:15,SEGV on,23,1,0.0435,13,7
c8a48b56-ce2e-4d25-8dd8-a23b5e6549b5,Deactive,list_item_to_string,item_to_string.c:32:9,stack-buffer-overflow on,9,1,0.1111,20,12
c8a48b56-ce2e-4d25-8dd8-a23b5e6549b5,Deactive,list_remove_item_at_pos,remove_item_at_pos.c:41:16,stack-buffer-underflow on,22,5,0.2273,12,9
c8a48b56-ce2e-4d25-8dd8-a23b5e6549b5,Deactive,list_remove_item_at_pos,remove_item_at_pos.c:41:16,SEGV on,22,5,0.2273,12,9
c8a48b56-ce2e-4d25-8dd8-a23b5e6549b5,Deactive,list_remove_item_at_pos,remove_item_at_pos.c:38:20,SEGV on,22,5,0.2273,12,9
c8a48b56-ce2e-4d25-8dd8-a23b5e6549b5,Deactive,list_remove_item_at_pos,remove_item_at_pos.c:41:23,SEGV on,22,5,0.2273,12,9
c8a48b56-ce2e-4d25-8dd8-a23b5e6549b5,Deactive,list_remove_item_at_pos,remove_item_at_pos.c:32:23,SEGV on,22,5,0.2273,12,9
c8a48b56-ce2e-4d25-8dd8-a23b5e6549b5,Deactive,list_save,save.c:37:9,SEGV on,16,1,0.0625,13,7
c8a48b56-ce2e-4d25-8dd8-a23b5e6549b5,Deactive,list_swap_item_positions,swap_item_positions.c:40:28,SEGV on,26,2,0.0769,11,4
c8a48b56-ce2e-4d25-8dd8-a23b5e6549b5,Deactive,list_swap_item_positions,swap_item_positions.c:42:30,SEGV on,26,2,0.0769,11,4
c8a48b56-ce2e-4d25-8dd8-a23b5e6549b5,Deactive,list_update_item_at_pos,update_item_at_pos.c:31:16,SEGV on,12,2,0.1667,13,9
c8a48b56-ce2e-4d25-8dd8-a23b5e6549b5,Deactive,list_update_item_at_pos,update_item_at_pos.c:29:20,SEGV on,12,2,0.1667,13,9
c8a48b56-ce2e-4d25-8dd8-a23b5e6549b5,Deactive,list_add_item_at_pos,add_item_at_pos.c:42:20,SEGV on,27,2,0.0741,19,11
c8a48b56-ce2e-4d25-8dd8-a23b5e6549b5,Deactive,list_add_item_at_pos,add_item_at_pos.c:54:28,SEGV on,27,2,0.0741,19,11
caa12fcb-10a7-4f65-997b-0e1b1ba2c96d,Deactive,list_cost_sum,cost_sum.c:32:16,libFuzzer: timeout,11,4,0.3636,13,10
caa12fcb-10a7-4f65-997b-0e1b1ba2c96d,Deactive,list_cost_sum,cost_sum.c,libFuzzer: timeout,11,4,0.3636,13,10
caa12fcb-10a7-4f65-997b-0e1b1ba2c96d,Deactive,list_cost_sum,cost_sum.c:32:26,libFuzzer: timeout,11,4,0.3636,13,10
caa12fcb-10a7-4f65-997b-0e1b1ba2c96d,Deactive,list_cost_sum,cost_sum.c:32:20,libFuzzer: timeout,11,4,0.3636,13,10
caa12fcb-10a7-4f65-997b-0e1b1ba2c96d,Deactive,list_find_highest_price_item_position,find_highest_price_item_position.c:34:18,libFuzzer: timeout,17,12,0.7059,13,7
caa12fcb-10a7-4f65-997b-0e1b1ba2c96d,Deactive,list_find_highest_price_item_position,find_highest_price_item_position.c:34:12,libFuzzer: timeout,17,12,0.7059,13,7
caa12fcb-10a7-4f65-997b-0e1b1ba2c96d,Deactive,list_find_highest_price_item_position,find_highest_price_item_position.c,libFuzzer: timeout,17,12,0.7059,13,7
caa12fcb-10a7-4f65-997b-0e1b1ba2c96d,Deactive,list_find_highest_price_item_position,find_highest_price_item_position.c:36:14,libFuzzer: timeout,17,12,0.7059,13,7
caa12fcb-10a7-4f65-997b-0e1b1ba2c96d,Deactive,list_find_highest_price_item_position,find_highest_price_item_position.c:34:26,libFuzzer: timeout,17,12,0.7059,13,7
caa12fcb-10a7-4f65-997b-0e1b1ba2c96d,Deactive,list_find_highest_price_item_position,find_highest_price_item_position.c:34:24,libFuzzer: timeout,17,12,0.7059,13,7
caa12fcb-10a7-4f65-997b-0e1b1ba2c96d,Deactive,list_find_highest_price_item_position,find_highest_price_item_position.c:35:25,libFuzzer: timeout,17,12,0.7059,13,7
caa12fcb-10a7-4f65-997b-0e1b1ba2c96d,Deactive,list_find_highest_price_item_position,find_highest_price_item_position.c:36:20,libFuzzer: timeout,17,12,0.7059,13,7
caa12fcb-10a7-4f65-997b-0e1b1ba2c96d,Deactive,list_find_highest_price_item_position,find_highest_price_item_position.c:36:18,libFuzzer: timeout,17,12,0.7059,13,7
caa12fcb-10a7-4f65-997b-0e1b1ba2c96d,Deactive,list_find_highest_price_item_position,find_highest_price_item_position.c:33:16,libFuzzer: timeout,17,12,0.7059,13,7
caa12fcb-10a7-4f65-997b-0e1b1ba2c96d,Deactive,list_find_highest_price_item_position,find_highest_price_item_position.c:32:19,libFuzzer: timeout,17,12,0.7059,13,7
caa12fcb-10a7-4f65-997b-0e1b1ba2c96d,Deactive,list_find_highest_price_item_position,find_highest_price_item_position.c:38:14,libFuzzer: timeout,17,12,0.7059,13,7
dac37585-9926-4e20-8ac1-40addd42f1a8,Active,list_add_item_at_pos,add_item_at_pos.c:64:27,SEGV on,33,1,0.0303,28,18
dac37585-9926-4e20-8ac1-40addd42f1a8,Active,list_item_to_string,item_to_string.c:33:5,stack-buffer-overflow on,8,1,0.125,28,23
dac37585-9926-4e20-8ac1-40addd42f1a8,Active,list_print,print.c:46:9,heap-use-after-free on,17,1,0.0588,29,14
dac37585-9926-4e20-8ac1-40addd42f1a8,Active,list_remove_item_at_pos,remove_item_at_pos.c:50:18,SEGV on,34,2,0.0588,22,16
dac37585-9926-4e20-8ac1-40addd42f1a8,Active,list_remove_item_at_pos,remove_item_at_pos.c:53:23,SEGV on,34,2,0.0588,22,16
dac37585-9926-4e20-8ac1-40addd42f1a8,Active,list_swap_item_positions,swap_item_positions.c:82:25,SEGV on,69,3,0.0435,23,7
dac37585-9926-4e20-8ac1-40addd42f1a8,Active,list_swap_item_positions,swap_item_positions.c:66:36,SEGV on,69,3,0.0435,23,7
dac37585-9926-4e20-8ac1-40addd42f1a8,Active,list_swap_item_positions,swap_item_positions.c:50:36,SEGV on,69,3,0.0435,23,7
dac37585-9926-4e20-8ac1-40addd42f1a8,Active,list_update_item_at_pos,update_item_at_pos.c:40:16,SEGV on,22,1,0.0455,26,19
dac37585-9926-4e20-8ac1-40addd42f1a8,Active,list_add_item_at_pos,add_item_at_pos.c:64:27,SEGV on,33,1,0.0303,28,18
db22abcd-72aa-47b3-848b-6716f91c068c,Active,list_item_to_string,item_to_string.c:32:9,stack-buffer-overflow on,8,1,0.125,28,23
db22abcd-72aa-47b3-848b-6716f91c068c,Active,list_print,print.c:44:37,heap-buffer-overflow on,14,2,0.1429,29,14
db22abcd-72aa-47b3-848b-6716f91c068c,Active,list_print,print.c:44:13,SEGV on,14,2,0.1429,29,14
db22abcd-72aa-47b3-848b-6716f91c068c,Active,list_remove_item_at_pos,remove_item_at_pos.c:48:24,SEGV on,27,1,0.037,22,16
db22abcd-72aa-47b3-848b-6716f91c068c,Active,list_swap_item_positions,swap_item_positions.c:52:46,SEGV on,30,2,0.0667,23,7
db22abcd-72aa-47b3-848b-6716f91c068c,Active,list_swap_item_positions,swap_item_positions.c:42:45,SEGV on,30,2,0.0667,23,7
db22abcd-72aa-47b3-848b-6716f91c068c,Active,list_update_item_at_pos,update_item_at_pos.c:39:21,SEGV on,19,1,0.0526,26,19
dc47e379-a3ba-464c-aa89-69374080111a,Active,list_add_item_at_pos,add_item_at_pos.c:57:26,SEGV on,31,2,0.0645,28,18
dc47e379-a3ba-464c-aa89-69374080111a,Active,list_add_item_at_pos,add_item_at_pos.c:60:20,SEGV on,31,2,0.0645,28,18
dc47e379-a3ba-464c-aa89-69374080111a,Active,list_item_to_string,item_to_string.c:32:46,SEGV on,13,1,0.0769,28,23
dc47e379-a3ba-464c-aa89-69374080111a,Active,list_remove_item_at_pos,remove_item_at_pos.c:40:26,SEGV on,24,3,0.125,22,16
dc47e379-a3ba-464c-aa89-69374080111a,Active,list_remove_item_at_pos,remove_item_at_pos.c:43:20,SEGV on,24,3,0.125,22,16
dc47e379-a3ba-464c-aa89-69374080111a,Active,list_remove_item_at_pos,remove_item_at_pos.c:43:28,SEGV on,24,3,0.125,22,16
dc47e379-a3ba-464c-aa89-69374080111a,Active,list_update_item_at_pos,update_item_at_pos.c:31:22,SEGV on,15,2,0.1333,26,19
dc47e379-a3ba-464c-aa89-69374080111a,Active,list_update_item_at_pos,update_item_at_pos.c:34:21,SEGV on,15,2,0.1333,26,19
dc47e379-a3ba-464c-aa89-69374080111a,Active,list_add_item_at_pos,add_item_at_pos.c:57:26,SEGV on,31,2,0.0645,28,18
dc47e379-a3ba-464c-aa89-69374080111a,Active,list_add_item_at_pos,add_item_at_pos.c:60:20,SEGV on,31,2,0.0645,28,18
ddac8637-a99c-458d-bff5-916acb92e259,Active,list_item_to_string,item_to_string.c:36:9,stack-buffer-overflow on,11,1,0.0909,28,23
ddac8637-a99c-458d-bff5-916acb92e259,Active,list_load,load.c:43:9,SEGV on,27,2,0.0741,19,4
ddac8637-a99c-458d-bff5-916acb92e259,Active,list_load,load.c:31,SEGV on,27,2,0.0741,19,4
ddac8637-a99c-458d-bff5-916acb92e259,Active,list_save,save.c:37:9,SEGV on,14,1,0.0714,19,7
ddac8637-a99c-458d-bff5-916acb92e259,Active,list_update_item_at_pos,update_item_at_pos.c:34:13,heap-buffer-overflow on,18,2,0.1111,26,19
ddac8637-a99c-458d-bff5-916acb92e259,Active,list_update_item_at_pos,update_item_at_pos.c:26,heap-buffer-overflow on,18,2,0.1111,26,19
e04ce3f6-46eb-465e-9828-5e768febf9be,Active,list_add_item_at_pos,add_item_at_pos.c:39:5,heap-buffer-overflow on,32,3,0.0938,28,18
e04ce3f6-46eb-465e-9828-5e768febf9be,Active,list_add_item_at_pos,add_item_at_pos.c:39:5,SEGV on,32,3,0.0938,28,18
e04ce3f6-46eb-465e-9828-5e768febf9be,Active,list_add_item_at_pos,add_item_at_pos.c:38:18,heap-buffer-overflow on,32,3,0.0938,28,18
e04ce3f6-46eb-465e-9828-5e768febf9be,Active,list_deduplicate,deduplicate.c:58:17,heap-use-after-free on,40,3,0.075,17,3
e04ce3f6-46eb-465e-9828-5e768febf9be,Active,list_deduplicate,deduplicate.c:56:17,heap-use-after-free on,40,3,0.075,17,3
e04ce3f6-46eb-465e-9828-5e768febf9be,Active,list_deduplicate,deduplicate.c:42:25,libFuzzer: out-of-memory,40,3,0.075,17,3
e04ce3f6-46eb-465e-9828-5e768febf9be,Active,list_item_to_string,item_to_string.c:33:5,stack-buffer-overflow on,8,1,0.125,28,23
e04ce3f6-46eb-465e-9828-5e768febf9be,Active,list_load,load.c:55:17,SEGV on,37,2,0.0541,19,4
e04ce3f6-46eb-465e-9828-5e768febf9be,Active,list_load,load.c:55:31,SEGV on,37,2,0.0541,19,4
e04ce3f6-46eb-465e-9828-5e768febf9be,Active,list_remove_item_at_pos,remove_item_at_pos.c:34:12,SEGV on,32,1,0.0312,22,16
e04ce3f6-46eb-465e-9828-5e768febf9be,Active,list_update_item_at_pos,update_item_at_pos.c:42:5,heap-buffer-overflow on,23,3,0.1304,26,19
e04ce3f6-46eb-465e-9828-5e768febf9be,Active,list_update_item_at_pos,update_item_at_pos.c:41:18,heap-buffer-overflow on,23,3,0.1304,26,19
e04ce3f6-46eb-465e-9828-5e768febf9be,Active,list_update_item_at_pos,update_item_at_pos.c:40:18,libFuzzer: out-of-memory,23,3,0.1304,26,19
e04ce3f6-46eb-465e-9828-5e768febf9be,Active,list_add_item_at_pos,add_item_at_pos.c:39:5,heap-buffer-overflow on,32,3,0.0938,28,18
e04ce3f6-46eb-465e-9828-5e768febf9be,Active,list_add_item_at_pos,add_item_at_pos.c:39:5,SEGV on,32,3,0.0938,28,18
e04ce3f6-46eb-465e-9828-5e768febf9be,Active,list_add_item_at_pos,add_item_at_pos.c:38:18,heap-buffer-overflow on,32,3,0.0938,28,18
e5d2269a-cb40-4643-8134-13bc23ce41a7,Deactive,list_find_highest_price_item_position,find_highest_price_item_position.c:30:29,SEGV on,18,1,0.0556,13,7
e5d2269a-cb40-4643-8134-13bc23ce41a7,Deactive,list_item_to_string,item_to_string.c:34:5,stack-buffer-overflow on,12,1,0.0833,20,12
e5d2269a-cb40-4643-8134-13bc23ce41a7,Deactive,list_load,load.c:54:27,SEGV on,41,2,0.0488,12,4
e5d2269a-cb40-4643-8134-13bc23ce41a7,Deactive,list_load,load.c:50:45,SEGV on,41,2,0.0488,12,4
e5d2269a-cb40-4643-8134-13bc23ce41a7,Deactive,list_remove_item_at_pos,remove_item_at_pos.c:43:24,SEGV on,25,1,0.04,12,9
e5d2269a-cb40-4643-8134-13bc23ce41a7,Deactive,list_swap_item_positions,swap_item_positions.c:35:11,SEGV on,36,2,0.0556,11,4
e5d2269a-cb40-4643-8134-13bc23ce41a7,Deactive,list_swap_item_positions,swap_item_positions.c:50:18,SEGV on,36,2,0.0556,11,4
e5d2269a-cb40-4643-8134-13bc23ce41a7,Deactive,list_update_item_at_pos,update_item_at_pos.c:39:22,SEGV on,20,1,0.05,13,9
e71766a5-b1da-462f-8ea5-a7e12f82f58e,Deactive,list_print,print.c:48:9,SEGV on,17,2,0.1176,24,9
e71766a5-b1da-462f-8ea5-a7e12f82f58e,Deactive,list_print,print.c:48:9,BUS on,17,2,0.1176,24,9
e71766a5-b1da-462f-8ea5-a7e12f82f58e,Deactive,list_remove_item_at_pos,remove_item_at_pos.c:35:24,SEGV on,12,2,0.1667,12,9
e71766a5-b1da-462f-8ea5-a7e12f82f58e,Deactive,list_remove_item_at_pos,remove_item_at_pos.c:35:30,SEGV on,12,2,0.1667,12,9
ec83a892-5cfa-46bf-aab8-673aee747cb8,Active,list_item_to_string,item_to_string.c:32:5,stack-buffer-overflow on,7,1,0.1429,28,23
ec83a892-5cfa-46bf-aab8-673aee747cb8,Active,list_load,load.c:42:30,SEGV on,28,3,0.1071,19,4
ec83a892-5cfa-46bf-aab8-673aee747cb8,Active,list_load,load.c:43:26,SEGV on,28,3,0.1071,19,4
ec83a892-5cfa-46bf-aab8-673aee747cb8,Active,list_load,load.c:44:29,SEGV on,28,3,0.1071,19,4
ec83a892-5cfa-46bf-aab8-673aee747cb8,Active,list_save,save.c:38:9,SEGV on,16,3,0.1875,19,7
ec83a892-5cfa-46bf-aab8-673aee747cb8,Active,list_save,save.c:37:9,stack-buffer-overflow on,16,3,0.1875,19,7
ec83a892-5cfa-46bf-aab8-673aee747cb8,Active,list_save,save.c:38:21,stack-buffer-overflow on,16,3,0.1875,19,7
f0e25db0-7a42-4c33-a22c-17b79e580330,Deactive,list_item_to_string,item_to_string.c:29:35,SEGV on,4,2,0.5,20,12
f0e25db0-7a42-4c33-a22c-17b79e580330,Deactive,list_item_to_string,item_to_string.c:29:5,SEGV on,4,2,0.5,20,12
f928b19b-6a98-4ed9-9c09-bfdf78073fd2,Deactive,list_item_to_string,item_to_string.c:31:46,SEGV on,7,1,0.1429,20,12
f928b19b-6a98-4ed9-9c09-bfdf78073fd2,Deactive,list_print,print.c:43:25,SEGV on,15,1,0.0667,24,9
fbf1986f-db73-4988-af05-0d3cb48dd0c9,Deactive,list_add_item_at_pos,add_item_at_pos.c:38:5,SEGV on,29,1,0.0345,19,11
fbf1986f-db73-4988-af05-0d3cb48dd0c9,Deactive,list_item_to_string,item_to_string.c:29:5,stack-buffer-overflow on,7,2,0.2857,20,12
fbf1986f-db73-4988-af05-0d3cb48dd0c9,Deactive,list_item_to_string,item_to_string.c:29:48,SEGV on,7,2,0.2857,20,12
fbf1986f-db73-4988-af05-0d3cb48dd0c9,Deactive,list_add_item_at_pos,add_item_at_pos.c:38:5,SEGV on,29,1,0.0345,19,11
fd621e01-4962-4699-b49a-012c08563cb5,Active,list_add_item_at_pos,add_item_at_pos.c:56:31,SEGV on,25,1,0.04,28,18
fd621e01-4962-4699-b49a-012c08563cb5,Active,list_item_to_string,item_to_string.c:31:47,SEGV on,6,1,0.1667,28,23
fd621e01-4962-4699-b49a-012c08563cb5,Active,list_add_item_at_pos,add_item_at_pos.c:56:31,SEGV on,25,1,0.04,28,18
ff36e2ef-af58-426f-97ae-dc8ba80ff4a0,Active,list_find_highest_price_item_position,find_highest_price_item_position.c:28:25,SEGV on,10,2,0.2,21,12
ff36e2ef-af58-426f-97ae-dc8ba80ff4a0,Active,list_find_highest_price_item_position,find_highest_price_item_position.c:30:18,SEGV on,10,2,0.2,21,12
ff36e2ef-af58-426f-97ae-dc8ba80ff4a0,Active,list_item_to_string,item_to_string.c:37:9,stack-buffer-overflow on,12,1,0.0833,28,23
ff36e2ef-af58-426f-97ae-dc8ba80ff4a0,Active,list_print,print.c:46:9,stack-buffer-overflow on,15,7,0.4667,29,14
ff36e2ef-af58-426f-97ae-dc8ba80ff4a0,Active,list_print,print.c:46:9,SEGV on,15,7,0.4667,29,14
ff36e2ef-af58-426f-97ae-dc8ba80ff4a0,Active,list_print,print.c:46:9,heap-buffer-overflow on,15,7,0.4667,29,14
ff36e2ef-af58-426f-97ae-dc8ba80ff4a0,Active,list_print,print.c:46:9,heap-use-after-free on,15,7,0.4667,29,14
ff36e2ef-af58-426f-97ae-dc8ba80ff4a0,Active,list_print,print.c:38,SEGV on,15,7,0.4667,29,14
ff36e2ef-af58-426f-97ae-dc8ba80ff4a0,Active,list_print,print.c:38,libFuzzer: fuzz,15,7,0.4667,29,14
ff36e2ef-af58-426f-97ae-dc8ba80ff4a0,Active,list_print,print.c:48:22,heap-buffer-overflow on,15,7,0.4667,29,14
ff36e2ef-af58-426f-97ae-dc8ba80ff4a0,Active,list_save,save.c:32:21,global-buffer-overflow on,21,2,0.0952,19,7
ff36e2ef-af58-426f-97ae-dc8ba80ff4a0,Active,list_save,save.c:32:21,SEGV on,21,2,0.0952,19,7
ff36e2ef-af58-426f-97ae-dc8ba80ff4a0,Active,list_swap_item_positions,swap_item_positions.c:36:23,SEGV on,18,2,0.1111,23,7
ff36e2ef-af58-426f-97ae-dc8ba80ff4a0,Active,list_swap_item_positions,swap_item_positions.c:39:28,SEGV on,18,2,0.1111,23,7
